桃園市托嬰中心所數及收托人數,中華民國112年下半年底,機構名稱及身分別,所數總計,公立,私立,公辦民營,核定收托人數,實際收托人數合計,男,女,男合計,男未滿1歲,男1至未滿2歲,男2至未滿3歲,女合計,女未滿1歲,女1至未滿2歲,女2至未滿3歲
,總計,合計,171,     －,127,44,"6,943","5,151","2,686","2,465","2,686",626,"1,306",754,"2,465",588,"1,232",645
"桃園市私立喜美斯希望托嬰中心
",,一般,,,,,,"4,849","2,520","2,329","2,520",602,"1,209",709,"2,329",560,"1,163",606
桃園市私立虹橋托嬰中心,,原住民,,,,,,253,145,108,145,23,86,36,108,26,52,30
桃園市私立維尼熊托嬰中心,,外籍配偶子女,,,,,,49,21,28,21,1,11,9,28,2,17,9
桃園市私立依仕倫托嬰中心,"桃園市私立喜美斯希望托嬰中心
桃園市私立喜美斯希望托嬰中心",合計,1,     －,1,     －,45,32,17,15,17,2,10,5,15,2,9,4
桃園市私立貝比龍托嬰中心,,一般,,,,,,27,15,12,15,1,9,5,12,2,6,4
桃園市私立欣妍寶寶托嬰中心,,原住民,,,,,,1,1,     －,1,1,     －,     －,     －,     －,     －,     －
,,外籍配偶子女,,,,,,4,1,3,1,     －,1,     －,3,     －,3,     －
,桃園市私立虹橋托嬰中心,合計,1,     －,1,     －,77,45,26,19,26,6,14,6,19,4,11,4
,,一般,,,,,,45,26,19,26,6,14,6,19,4,11,4
,,原住民,,,,,,     －,     －,     －,     －,     －,     －,     －,     －,     －,     －,     －
,,外籍配偶子女,,,,,,     －,     －,     －,     －,     －,     －,     －,     －,     －,     －,     －
,桃園市私立維尼熊托嬰中心,合計,1,     －,1,     －,39,38,21,17,21,9,7,5,17,6,5,6
,,一般,,,,,,36,21,15,21,9,7,5,15,6,4,5
,,原住民,,,,,,2,     －,2,     －,     －,     －,     －,2,     －,1,1
,,外籍配偶子女,,,,,,     －,     －,     －,     －,     －,     －,     －,     －,     －,     －,     －
,桃園市私立依仕倫托嬰中心,合計,1,     －,1,     －,100,84,39,45,39,10,17,12,45,8,25,12
,,一般,,,,,,84,39,45,39,10,17,12,45,8,25,12
,,原住民,,,,,,     －,     －,     －,     －,     －,     －,     －,     －,     －,     －,     －
,,外籍配偶子女,,,,,,     －,     －,     －,     －,     －,     －,     －,     －,     －,     －,     －
,桃園市私立貝比龍托嬰中心,合計,1,     －,1,     －,19,4,3,1,3,     －,1,2,1,     －,1,     －
,,一般,,,,,,4,3,1,3,     －,1,2,1,     －,1,     －
,,原住民,,,,,,     －,     －,     －,     －,     －,     －,     －,     －,     －,     －,     －
,,外籍配偶子女,,,,,,     －,     －,     －,     －,     －,     －,     －,     －,     －,     －,     －
,桃園市私立欣妍寶寶托嬰中心,合計,1,     －,1,     －,70,34,22,12,22,6,10,6,12,1,7,4
,,一般,,,,,,34,22,12,22,6,10,6,12,1,7,4
,,原住民,,,,,,     －,     －,     －,     －,     －,     －,     －,     －,     －,     －,     －
,,外籍配偶子女,,,,,,     －,     －,     －,     －,     －,     －,     －,     －,     －,     －,     －
,,,,,,,,,,,,,,,,,,
,,,,,,,,,,,,,,,,,,
,,,,,,,,,,,,,,,,,,
,公　開　類,桃園市政府(婦幼發展局),半　年　報,每半年終了後20日內編送,10730-06-01-2,桃園市托嬰中心所數及收托人數(續1),中華民國112年下半年底,,,,,,,,,,,
,,,,,,,,,,,,,,,,,,
,,,,,,,,,,,,,,,,,,
,,,,,,,,,,,,,,,,,,
,桃園市托嬰中心所數及收托人數(續1),,,,,,,,,,,,,,,,,
,中華民國112年下半年底,,,,,,,,,,,,,,,,,
,機構名稱及身分別,,所數,,,,核定收托人數,實際收托人數,,,,,,,,,,
,,,總計,公立,私立,公辦民營,,總計,,,男,,,,女,,,
,,,,,,,,合計,男,女,合計,未滿1歲,1-未滿2歲,2-未滿3歲,合計,未滿1歲,1-未滿2歲,2-未滿3歲
桃園市私立蜂?托嬰中心,桃園市私立蜂?托嬰中心,合計,1,     －,1,     －,60,46,29,17,29,8,19,2,17,4,9,4
桃園市私立小腳印托嬰中心,,一般,,,,,,46,29,17,29,8,19,2,17,4,9,4
桃園國際機場股份有限公司附設桃園市私立愛兒寶托嬰中心,,原住民,,,,,,     －,     －,     －,     －,     －,     －,     －,     －,     －,     －,     －
桃園市私立童心托嬰中心,,外籍配偶子女,,,,,,     －,     －,     －,     －,     －,     －,     －,     －,     －,     －,     －
桃園市私立貝格爾青埔托嬰中心,桃園市私立小腳印托嬰中心,合計,1,     －,1,     －,32,28,13,15,13,5,7,1,15,4,9,2
桃園市私立康斯迪托嬰中心,,一般,,,,,,28,13,15,13,5,7,1,15,4,9,2
桃園市私立郝老師托嬰中心,,原住民,,,,,,     －,     －,     －,     －,     －,     －,     －,     －,     －,     －,     －
,,外籍配偶子女,,,,,,     －,     －,     －,     －,     －,     －,     －,     －,     －,     －,     －
,桃園國際機場股份有限公司附設桃園市私立愛兒寶托嬰中心,合計,1,     －,1,     －,30,30,16,14,16,4,7,5,14,4,7,3
,,一般,,,,,,30,16,14,16,4,7,5,14,4,7,3
,,原住民,,,,,,     －,     －,     －,     －,     －,     －,     －,     －,     －,     －,     －
,,外籍配偶子女,,,,,,     －,     －,     －,     －,     －,     －,     －,     －,     －,     －,     －
,桃園市私立童心托嬰中心,合計,1,     －,1,     －,35,32,18,14,18,8,8,2,14,2,8,4
,,一般,,,,,,32,18,14,18,8,8,2,14,2,8,4
,,原住民,,,,,,     －,     －,     －,     －,     －,     －,     －,     －,     －,     －,     －
,,外籍配偶子女,,,,,,     －,     －,     －,     －,     －,     －,     －,     －,     －,     －,     －
,桃園市私立貝格爾青埔托嬰中心,合計,1,     －,1,     －,46,42,28,14,28,8,16,4,14,5,5,4
,,一般,,,,,,42,28,14,28,8,16,4,14,5,5,4
,,原住民,,,,,,     －,     －,     －,     －,     －,     －,     －,     －,     －,     －,     －
,,外籍配偶子女,,,,,,     －,     －,     －,     －,     －,     －,     －,     －,     －,     －,     －
,桃園市私立康斯迪托嬰中心,合計,1,     －,1,     －,87,31,18,13,18,6,8,4,13,4,5,4
,,一般,,,,,,31,18,13,18,6,8,4,13,4,5,4
,,原住民,,,,,,     －,     －,     －,     －,     －,     －,     －,     －,     －,     －,     －
,,外籍配偶子女,,,,,,     －,     －,     －,     －,     －,     －,     －,     －,     －,     －,     －
,桃園市私立郝老師托嬰中心,合計,1,     －,1,     －,38,29,13,16,13,5,6,2,16,5,9,2
,,一般,,,,,,28,12,16,12,4,6,2,16,5,9,2
,,原住民,,,,,,1,1,     －,1,1,     －,     －,     －,     －,     －,     －
,,外籍配偶子女,,,,,,     －,     －,     －,     －,     －,     －,     －,     －,     －,     －,     －
,,,,,,,,,,,,,,,,,,
,,,,,,,,,,,,,,,,,,
,,,,,,,,,,,,,,,,,,
,公　開　類,桃園市政府(婦幼發展局),半　年　報,每半年終了後20日內編送,10730-06-01-2,桃園市托嬰中心所數及收托人數(續2),中華民國112年下半年底,,,,,,,,,,,
,,,,,,,,,,,,,,,,,,
,,,,,,,,,,,,,,,,,,
,,,,,,,,,,,,,,,,,,
,桃園市托嬰中心所數及收托人數(續2),,,,,,,,,,,,,,,,,
,中華民國112年下半年底,,,,,,,,,,,,,,,,,
,機構名稱及身分別,,所數,,,,核定收托人數,實際收托人數,,,,,,,,,,
,,,總計,公立,私立,公辦民營,,總計,,,男,,,,女,,,
,,,,,,,,合計,男,女,合計,未滿1歲,1-未滿2歲,2-未滿3歲,合計,未滿1歲,1-未滿2歲,2-未滿3歲
桃園市私立貝比加青埔托嬰中心,桃園市私立貝比加青埔托嬰中心,合計,1,     －,1,     －,60,12,5,7,5,1,3,1,7,4,2,1
桃園市私立逗樂蒙特梭利托嬰中心,,一般,,,,,,12,5,7,5,1,3,1,7,4,2,1
桃園市私立堤沃莉托嬰中心,,原住民,,,,,,     －,     －,     －,     －,     －,     －,     －,     －,     －,     －,     －
桃園市私立新自強種子托嬰中心,,外籍配偶子女,,,,,,     －,     －,     －,     －,     －,     －,     －,     －,     －,     －,     －
桃園市私立福星寶貝托嬰中心,桃園市私立逗樂蒙特梭利托嬰中心,合計,1,     －,1,     －,100,44,24,20,24,4,17,3,20,8,9,3
桃園市私立幸福種子托嬰中心,,一般,,,,,,43,23,20,23,4,16,3,20,8,9,3
"桃園市私立小豆苗托嬰中心
",,原住民,,,,,,1,1,     －,1,     －,1,     －,     －,     －,     －,     －
,,外籍配偶子女,,,,,,     －,     －,     －,     －,     －,     －,     －,     －,     －,     －,     －
,桃園市私立堤沃莉托嬰中心,合計,1,     －,1,     －,65,44,18,26,18,3,11,4,26,6,11,9
,,一般,,,,,,44,18,26,18,3,11,4,26,6,11,9
,,原住民,,,,,,     －,     －,     －,     －,     －,     －,     －,     －,     －,     －,     －
,,外籍配偶子女,,,,,,     －,     －,     －,     －,     －,     －,     －,     －,     －,     －,     －
,桃園市私立新自強種子托嬰中心,合計,1,     －,1,     －,15,1,1,     －,1,     －,1,     －,     －,     －,     －,     －
,,一般,,,,,,1,1,     －,1,     －,1,     －,     －,     －,     －,     －
,,原住民,,,,,,     －,     －,     －,     －,     －,     －,     －,     －,     －,     －,     －
,,外籍配偶子女,,,,,,     －,     －,     －,     －,     －,     －,     －,     －,     －,     －,     －
,桃園市私立福星寶貝托嬰中心,合計,1,     －,1,     －,64,59,34,25,34,9,16,9,25,6,17,2
,,一般,,,,,,57,33,24,33,9,15,9,24,5,17,2
,,原住民,,,,,,     －,     －,     －,     －,     －,     －,     －,     －,     －,     －,     －
,,外籍配偶子女,,,,,,2,1,1,1,     －,1,     －,1,1,     －,     －
,桃園市私立幸福種子托嬰中心,合計,1,     －,1,     －,45,38,24,14,24,6,11,7,14,4,6,4
,,一般,,,,,,37,23,14,23,6,11,6,14,4,6,4
,,原住民,,,,,,1,1,     －,1,     －,     －,1,     －,     －,     －,     －
,,外籍配偶子女,,,,,,     －,     －,     －,     －,     －,     －,     －,     －,     －,     －,     －
,"桃園市私立小豆苗托嬰中心
",合計,1,     －,1,     －,43,43,19,24,19,5,8,6,24,5,9,10
,,一般,,,,,,41,18,23,18,4,8,6,23,5,9,9
,,原住民,,,,,,1,1,     －,1,1,     －,     －,     －,     －,     －,     －
,,外籍配偶子女,,,,,,1,     －,1,     －,     －,     －,     －,1,     －,     －,1
,,,,,,,,,,,,,,,,,,
,,,,,,,,,,,,,,,,,,
,,,,,,,,,,,,,,,,,,
,公　開　類,桃園市政府(婦幼發展局),半　年　報,每半年終了後20日內編送,10730-06-01-2,桃園市托嬰中心所數及收托人數(續3),中華民國112年下半年底,,,,,,,,,,,
,,,,,,,,,,,,,,,,,,
,,,,,,,,,,,,,,,,,,
,,,,,,,,,,,,,,,,,,
,桃園市托嬰中心所數及收托人數(續3),,,,,,,,,,,,,,,,,
,中華民國112年下半年底,,,,,,,,,,,,,,,,,
,機構名稱及身分別,,所數,,,,核定收托人數,實際收托人數,,,,,,,,,,
,,,總計,公立,私立,公辦民營,,總計,,,男,,,,女,,,
,,,,,,,,合計,男,女,合計,未滿1歲,1-未滿2歲,2-未滿3歲,合計,未滿1歲,1-未滿2歲,2-未滿3歲
桃園市私立百合精緻托嬰中心,桃園市私立百合精緻托嬰中心,合計,1,     －,1,     －,10,9,2,7,2,     －,2,     －,7,2,3,2
桃園市私立美麗托嬰中心,,一般,,,,,,9,2,7,2,     －,2,     －,7,2,3,2
桃園市私立心寶貝托嬰中心,,原住民,,,,,,     －,     －,     －,     －,     －,     －,     －,     －,     －,     －,     －
桃園市私立昱誠托嬰中心,,外籍配偶子女,,,,,,     －,     －,     －,     －,     －,     －,     －,     －,     －,     －,     －
桃園市私立安琪兒托嬰中心,桃園市私立美麗托嬰中心,合計,1,     －,1,     －,38,22,16,6,16,2,9,5,6,     －,5,1
桃園市私立貝比加托嬰中心,,一般,,,,,,21,15,6,15,2,8,5,6,     －,5,1
桃園市私立喜美斯寶貝托嬰中心,,原住民,,,,,,1,1,     －,1,     －,1,     －,     －,     －,     －,     －
,,外籍配偶子女,,,,,,     －,     －,     －,     －,     －,     －,     －,     －,     －,     －,     －
,桃園市私立心寶貝托嬰中心,合計,1,     －,1,     －,19,13,8,5,8,4,4,     －,5,     －,2,3
,,一般,,,,,,13,8,5,8,4,4,     －,5,     －,2,3
,,原住民,,,,,,     －,     －,     －,     －,     －,     －,     －,     －,     －,     －,     －
,,外籍配偶子女,,,,,,     －,     －,     －,     －,     －,     －,     －,     －,     －,     －,     －
,桃園市私立昱誠托嬰中心,合計,1,     －,1,     －,30,12,8,4,8,     －,5,3,4,1,2,1
,,一般,,,,,,12,8,4,8,     －,5,3,4,1,2,1
,,原住民,,,,,,     －,     －,     －,     －,     －,     －,     －,     －,     －,     －,     －
,,外籍配偶子女,,,,,,     －,     －,     －,     －,     －,     －,     －,     －,     －,     －,     －
,桃園市私立安琪兒托嬰中心,合計,1,     －,1,     －,68,40,22,18,22,6,11,5,18,1,8,9
,,一般,,,,,,40,22,18,22,6,11,5,18,1,8,9
,,原住民,,,,,,     －,     －,     －,     －,     －,     －,     －,     －,     －,     －,     －
,,外籍配偶子女,,,,,,     －,     －,     －,     －,     －,     －,     －,     －,     －,     －,     －
,桃園市私立貝比加托嬰中心,合計,1,     －,1,     －,45,35,14,21,14,3,6,5,21,3,11,7
,,一般,,,,,,32,13,19,13,3,5,5,19,2,10,7
,,原住民,,,,,,     －,     －,     －,     －,     －,     －,     －,     －,     －,     －,     －
,,外籍配偶子女,,,,,,3,1,2,1,     －,1,     －,2,1,1,     －
,桃園市私立喜美斯寶貝托嬰中心,合計,1,     －,1,     －,76,35,21,14,21,5,9,7,14,5,3,6
,,一般,,,,,,35,21,14,21,5,9,7,14,5,3,6
,,原住民,,,,,,     －,     －,     －,     －,     －,     －,     －,     －,     －,     －,     －
,,外籍配偶子女,,,,,,     －,     －,     －,     －,     －,     －,     －,     －,     －,     －,     －
,,,,,,,,,,,,,,,,,,
,,,,,,,,,,,,,,,,,,
,,,,,,,,,,,,,,,,,,
,公　開　類,桃園市政府(婦幼發展局),半　年　報,每半年終了後20日內編送,10730-06-01-2,桃園市托嬰中心所數及收托人數(續4),中華民國112年下半年底,,,,,,,,,,,
,,,,,,,,,,,,,,,,,,
,,,,,,,,,,,,,,,,,,
,,,,,,,,,,,,,,,,,,
,桃園市托嬰中心所數及收托人數(續4),,,,,,,,,,,,,,,,,
,中華民國112年下半年底,,,,,,,,,,,,,,,,,
,機構名稱及身分別,,所數,,,,核定收托人數,實際收托人數,,,,,,,,,,
,,,總計,公立,私立,公辦民營,,總計,,,男,,,,女,,,
,,,,,,,,合計,男,女,合計,未滿1歲,1-未滿2歲,2-未滿3歲,合計,未滿1歲,1-未滿2歲,2-未滿3歲
桃園市私立晴天小屋托嬰中心,桃園市私立晴天小屋托嬰中心,合計,1,     －,1,     －,41,37,19,18,19,     －,9,10,18,8,7,3
桃園市私立芯悅托嬰中心,,一般,,,,,,34,17,17,17,     －,8,9,17,8,6,3
桃園市私立米菲蒙特梭利托嬰中心,,原住民,,,,,,1,1,     －,1,     －,1,     －,     －,     －,     －,     －
桃園市私立勁寶兒心愛托嬰中心,,外籍配偶子女,,,,,,2,1,1,1,     －,     －,1,1,     －,1,     －
桃園市私立樂寶托嬰中心,桃園市私立芯悅托嬰中心,合計,1,     －,1,     －,60,45,14,31,14,3,8,3,31,7,16,8
桃園市私立勁承托嬰中心,,一般,,,,,,45,14,31,14,3,8,3,31,7,16,8
桃園市私立長堤托嬰中心,,原住民,,,,,,     －,     －,     －,     －,     －,     －,     －,     －,     －,     －,     －
,,外籍配偶子女,,,,,,     －,     －,     －,     －,     －,     －,     －,     －,     －,     －,     －
,桃園市私立米菲蒙特梭利托嬰中心,合計,1,     －,1,     －,17,13,9,4,9,2,6,1,4,     －,3,1
,,一般,,,,,,13,9,4,9,2,6,1,4,     －,3,1
,,原住民,,,,,,     －,     －,     －,     －,     －,     －,     －,     －,     －,     －,     －
,,外籍配偶子女,,,,,,     －,     －,     －,     －,     －,     －,     －,     －,     －,     －,     －
,桃園市私立勁寶兒心愛托嬰中心,合計,1,     －,1,     －,50,15,11,4,11,     －,2,9,4,     －,1,3
,,一般,,,,,,15,11,4,11,     －,2,9,4,     －,1,3
,,原住民,,,,,,     －,     －,     －,     －,     －,     －,     －,     －,     －,     －,     －
,,外籍配偶子女,,,,,,     －,     －,     －,     －,     －,     －,     －,     －,     －,     －,     －
,桃園市私立樂寶托嬰中心,合計,1,     －,1,     －,45,39,24,15,24,8,14,2,15,2,10,3
,,一般,,,,,,39,24,15,24,8,14,2,15,2,10,3
,,原住民,,,,,,     －,     －,     －,     －,     －,     －,     －,     －,     －,     －,     －
,,外籍配偶子女,,,,,,     －,     －,     －,     －,     －,     －,     －,     －,     －,     －,     －
,桃園市私立勁承托嬰中心,合計,1,     －,1,     －,65,55,30,25,30,21,8,1,25,7,14,4
,,一般,,,,,,55,30,25,30,21,8,1,25,7,14,4
,,原住民,,,,,,     －,     －,     －,     －,     －,     －,     －,     －,     －,     －,     －
,,外籍配偶子女,,,,,,     －,     －,     －,     －,     －,     －,     －,     －,     －,     －,     －
,桃園市私立長堤托嬰中心,合計,1,     －,1,     －,35,27,16,11,16,     －,9,7,11,2,5,4
,,一般,,,,,,24,13,11,13,     －,8,5,11,2,5,4
,,原住民,,,,,,     －,     －,     －,     －,     －,     －,     －,     －,     －,     －,     －
,,外籍配偶子女,,,,,,3,3,     －,3,     －,1,2,     －,     －,     －,     －
,,,,,,,,,,,,,,,,,,
,,,,,,,,,,,,,,,,,,
,,,,,,,,,,,,,,,,,,
,公　開　類,桃園市政府(婦幼發展局),半　年　報,每半年終了後20日內編送,10730-06-01-2,桃園市托嬰中心所數及收托人數(續5),中華民國112年下半年底,,,,,,,,,,,
,,,,,,,,,,,,,,,,,,
,,,,,,,,,,,,,,,,,,
,,,,,,,,,,,,,,,,,,
,桃園市托嬰中心所數及收托人數(續5),,,,,,,,,,,,,,,,,
,中華民國112年下半年底,,,,,,,,,,,,,,,,,
,機構名稱及身分別,,所數,,,,核定收托人數,實際收托人數,,,,,,,,,,
,,,總計,公立,私立,公辦民營,,總計,,,男,,,,女,,,
,,,,,,,,合計,男,女,合計,未滿1歲,1-未滿2歲,2-未滿3歲,合計,未滿1歲,1-未滿2歲,2-未滿3歲
桃園市私立幸福蒙特梭利托嬰中心,桃園市私立幸福蒙特梭利托嬰中心,合計,1,     －,1,     －,28,26,12,14,12,5,4,3,14,6,7,1
桃園市私立桃樂比托嬰中心,,一般,,,,,,26,12,14,12,5,4,3,14,6,7,1
桃園市私立家碩托嬰中心,,原住民,,,,,,     －,     －,     －,     －,     －,     －,     －,     －,     －,     －,     －
桃園市私立亞米哥托嬰中心,,外籍配偶子女,,,,,,     －,     －,     －,     －,     －,     －,     －,     －,     －,     －,     －
桃園市私立小星星托嬰中心,桃園市私立桃樂比托嬰中心,合計,1,     －,1,     －,110,82,40,42,40,6,21,13,42,16,19,7
桃園市私立唯妮蒙氏托嬰中心,,一般,,,,,,82,40,42,40,6,21,13,42,16,19,7
桃園市私立蕎俐安托嬰中心,,原住民,,,,,,     －,     －,     －,     －,     －,     －,     －,     －,     －,     －,     －
,,外籍配偶子女,,,,,,     －,     －,     －,     －,     －,     －,     －,     －,     －,     －,     －
,桃園市私立家碩托嬰中心,合計,1,     －,1,     －,20,10,5,5,5,1,4,     －,5,2,3,     －
,,一般,,,,,,10,5,5,5,1,4,     －,5,2,3,     －
,,原住民,,,,,,     －,     －,     －,     －,     －,     －,     －,     －,     －,     －,     －
,,外籍配偶子女,,,,,,     －,     －,     －,     －,     －,     －,     －,     －,     －,     －,     －
,桃園市私立亞米哥托嬰中心,合計,1,     －,1,     －,28,21,10,11,10,4,3,3,11,1,7,3
,,一般,,,,,,21,10,11,10,4,3,3,11,1,7,3
,,原住民,,,,,,     －,     －,     －,     －,     －,     －,     －,     －,     －,     －,     －
,,外籍配偶子女,,,,,,     －,     －,     －,     －,     －,     －,     －,     －,     －,     －,     －
,桃園市私立小星星托嬰中心,合計,1,     －,1,     －,31,30,18,12,18,2,10,6,12,4,5,3
,,一般,,,,,,30,18,12,18,2,10,6,12,4,5,3
,,原住民,,,,,,     －,     －,     －,     －,     －,     －,     －,     －,     －,     －,     －
,,外籍配偶子女,,,,,,     －,     －,     －,     －,     －,     －,     －,     －,     －,     －,     －
,桃園市私立唯妮蒙氏托嬰中心,合計,1,     －,1,     －,22,     －,     －,     －,     －,     －,     －,     －,     －,     －,     －,     －
,,一般,,,,,,     －,     －,     －,     －,     －,     －,     －,     －,     －,     －,     －
,,原住民,,,,,,     －,     －,     －,     －,     －,     －,     －,     －,     －,     －,     －
,,外籍配偶子女,,,,,,     －,     －,     －,     －,     －,     －,     －,     －,     －,     －,     －
,桃園市私立蕎俐安托嬰中心,合計,1,     －,1,     －,90,54,18,36,18,6,5,7,36,17,11,8
,,一般,,,,,,54,18,36,18,6,5,7,36,17,11,8
,,原住民,,,,,,     －,     －,     －,     －,     －,     －,     －,     －,     －,     －,     －
,,外籍配偶子女,,,,,,     －,     －,     －,     －,     －,     －,     －,     －,     －,     －,     －
,,,,,,,,,,,,,,,,,,
,,,,,,,,,,,,,,,,,,
,,,,,,,,,,,,,,,,,,
,公　開　類,桃園市政府(婦幼發展局),半　年　報,每半年終了後20日內編送,10730-06-01-2,桃園市托嬰中心所數及收托人數(續6),中華民國112年下半年底,,,,,,,,,,,
,,,,,,,,,,,,,,,,,,
,,,,,,,,,,,,,,,,,,
,,,,,,,,,,,,,,,,,,
,桃園市托嬰中心所數及收托人數(續6),,,,,,,,,,,,,,,,,
,中華民國112年下半年底,,,,,,,,,,,,,,,,,
,機構名稱及身分別,,所數,,,,核定收托人數,實際收托人數,,,,,,,,,,
,,,總計,公立,私立,公辦民營,,總計,,,男,,,,女,,,
,,,,,,,,合計,男,女,合計,未滿1歲,1-未滿2歲,2-未滿3歲,合計,未滿1歲,1-未滿2歲,2-未滿3歲
桃園市私立聯合托嬰中心,桃園市私立聯合托嬰中心,合計,1,     －,1,     －,80,55,29,26,29,7,12,10,26,5,11,10
桃園市私立寶可夢托嬰中心,,一般,,,,,,55,29,26,29,7,12,10,26,5,11,10
桃園市私立立暘樂寶托嬰中心,,原住民,,,,,,     －,     －,     －,     －,     －,     －,     －,     －,     －,     －,     －
桃園市私立勁承中園館托嬰中心,,外籍配偶子女,,,,,,     －,     －,     －,     －,     －,     －,     －,     －,     －,     －,     －
桃園市私立奧爾寶貝托嬰中心,桃園市私立寶可夢托嬰中心,合計,1,     －,1,     －,60,42,22,20,22,8,9,5,20,8,8,4
桃園市私立哆寶樂菲托嬰中心,,一般,,,,,,38,19,19,19,8,6,5,19,8,7,4
桃園市私立陽光玫瑰托嬰中心,,原住民,,,,,,2,2,     －,2,     －,2,     －,     －,     －,     －,     －
,,外籍配偶子女,,,,,,2,1,1,1,     －,1,     －,1,     －,1,     －
,桃園市私立立暘樂寶托嬰中心,合計,1,     －,1,     －,59,21,10,11,10,2,7,1,11,2,5,4
,,一般,,,,,,21,10,11,10,2,7,1,11,2,5,4
,,原住民,,,,,,     －,     －,     －,     －,     －,     －,     －,     －,     －,     －,     －
,,外籍配偶子女,,,,,,     －,     －,     －,     －,     －,     －,     －,     －,     －,     －,     －
,桃園市私立勁承中園館托嬰中心,合計,1,     －,1,     －,57,40,20,20,20,     －,9,11,20,     －,9,11
,,一般,,,,,,40,20,20,20,     －,9,11,20,     －,9,11
,,原住民,,,,,,     －,     －,     －,     －,     －,     －,     －,     －,     －,     －,     －
,,外籍配偶子女,,,,,,     －,     －,     －,     －,     －,     －,     －,     －,     －,     －,     －
,桃園市私立奧爾寶貝托嬰中心,合計,1,     －,1,     －,59,28,16,12,16,5,6,5,12,2,7,3
,,一般,,,,,,28,16,12,16,5,6,5,12,2,7,3
,,原住民,,,,,,     －,     －,     －,     －,     －,     －,     －,     －,     －,     －,     －
,,外籍配偶子女,,,,,,     －,     －,     －,     －,     －,     －,     －,     －,     －,     －,     －
,桃園市私立哆寶樂菲托嬰中心,合計,1,     －,1,     －,45,11,7,4,7,5,2,     －,4,3,1,     －
,,一般,,,,,,11,7,4,7,5,2,     －,4,3,1,     －
,,原住民,,,,,,     －,     －,     －,     －,     －,     －,     －,     －,     －,     －,     －
,,外籍配偶子女,,,,,,     －,     －,     －,     －,     －,     －,     －,     －,     －,     －,     －
,桃園市私立陽光玫瑰托嬰中心,合計,1,     －,1,     －,47,41,18,23,18,2,10,6,23,10,10,3
,,一般,,,,,,40,18,22,18,2,10,6,22,9,10,3
,,原住民,,,,,,1,     －,1,     －,     －,     －,     －,1,1,     －,     －
,,外籍配偶子女,,,,,,     －,     －,     －,     －,     －,     －,     －,     －,     －,     －,     －
,,,,,,,,,,,,,,,,,,
,,,,,,,,,,,,,,,,,,
,,,,,,,,,,,,,,,,,,
,公　開　類,桃園市政府(婦幼發展局),半　年　報,每半年終了後20日內編送,10730-06-01-2,桃園市托嬰中心所數及收托人數(續7),中華民國112年下半年底,,,,,,,,,,,
,,,,,,,,,,,,,,,,,,
,,,,,,,,,,,,,,,,,,
,,,,,,,,,,,,,,,,,,
,桃園市托嬰中心所數及收托人數(續7),,,,,,,,,,,,,,,,,
,中華民國112年下半年底,,,,,,,,,,,,,,,,,
,機構名稱及身分別,,所數,,,,核定收托人數,實際收托人數,,,,,,,,,,
,,,總計,公立,私立,公辦民營,,總計,,,男,,,,女,,,
,,,,,,,,合計,男,女,合計,未滿1歲,1-未滿2歲,2-未滿3歲,合計,未滿1歲,1-未滿2歲,2-未滿3歲
桃園市私立睿比托嬰中心,桃園市私立睿比托嬰中心,合計,1,     －,1,     －,30,21,11,10,11,2,4,5,10,1,8,1
桃園市私立貝貝托嬰中心,,一般,,,,,,21,11,10,11,2,4,5,10,1,8,1
桃園市私立丹尼斯托嬰中心,,原住民,,,,,,     －,     －,     －,     －,     －,     －,     －,     －,     －,     －,     －
桃園市私立幸運草托嬰中心,,外籍配偶子女,,,,,,     －,     －,     －,     －,     －,     －,     －,     －,     －,     －,     －
桃園市私立沐森托嬰中心,桃園市私立貝貝托嬰中心,合計,1,     －,1,     －,18,18,8,10,8,2,5,1,10,2,5,3
桃園市私立叡恩托嬰中心,,一般,,,,,,18,8,10,8,2,5,1,10,2,5,3
桃園市私立愛兒托嬰中心,,原住民,,,,,,     －,     －,     －,     －,     －,     －,     －,     －,     －,     －,     －
,,外籍配偶子女,,,,,,     －,     －,     －,     －,     －,     －,     －,     －,     －,     －,     －
,桃園市私立丹尼斯托嬰中心,合計,1,     －,1,     －,34,34,12,22,12,3,6,3,22,5,11,6
,,一般,,,,,,34,12,22,12,3,6,3,22,5,11,6
,,原住民,,,,,,     －,     －,     －,     －,     －,     －,     －,     －,     －,     －,     －
,,外籍配偶子女,,,,,,     －,     －,     －,     －,     －,     －,     －,     －,     －,     －,     －
,桃園市私立幸運草托嬰中心,合計,1,     －,1,     －,22,     －,     －,     －,     －,     －,     －,     －,     －,     －,     －,     －
,,一般,,,,,,     －,     －,     －,     －,     －,     －,     －,     －,     －,     －,     －
,,原住民,,,,,,     －,     －,     －,     －,     －,     －,     －,     －,     －,     －,     －
,,外籍配偶子女,,,,,,     －,     －,     －,     －,     －,     －,     －,     －,     －,     －,     －
,桃園市私立沐森托嬰中心,合計,1,     －,1,     －,50,47,26,21,26,7,12,7,21,7,7,7
,,一般,,,,,,47,26,21,26,7,12,7,21,7,7,7
,,原住民,,,,,,     －,     －,     －,     －,     －,     －,     －,     －,     －,     －,     －
,,外籍配偶子女,,,,,,     －,     －,     －,     －,     －,     －,     －,     －,     －,     －,     －
,桃園市私立叡恩托嬰中心,合計,1,     －,1,     －,50,3,1,2,1,1,     －,     －,2,1,1,     －
,,一般,,,,,,3,1,2,1,1,     －,     －,2,1,1,     －
,,原住民,,,,,,     －,     －,     －,     －,     －,     －,     －,     －,     －,     －,     －
,,外籍配偶子女,,,,,,     －,     －,     －,     －,     －,     －,     －,     －,     －,     －,     －
,桃園市私立愛兒托嬰中心,合計,1,     －,1,     －,40,31,15,16,15,3,7,5,16,3,11,2
,,一般,,,,,,29,14,15,14,3,7,4,15,3,11,1
,,原住民,,,,,,2,1,1,1,     －,     －,1,1,     －,     －,1
,,外籍配偶子女,,,,,,     －,     －,     －,     －,     －,     －,     －,     －,     －,     －,     －
,,,,,,,,,,,,,,,,,,
,,,,,,,,,,,,,,,,,,
,,,,,,,,,,,,,,,,,,
,公　開　類,桃園市政府(婦幼發展局),半　年　報,每半年終了後20日內編送,10730-06-01-2,桃園市托嬰中心所數及收托人數(續8),中華民國112年下半年底,,,,,,,,,,,
,,,,,,,,,,,,,,,,,,
,,,,,,,,,,,,,,,,,,
,,,,,,,,,,,,,,,,,,
,桃園市托嬰中心所數及收托人數(續8),,,,,,,,,,,,,,,,,
,中華民國112年下半年底,,,,,,,,,,,,,,,,,
,機構名稱及身分別,,所數,,,,核定收托人數,實際收托人數,,,,,,,,,,
,,,總計,公立,私立,公辦民營,,總計,,,男,,,,女,,,
,,,,,,,,合計,男,女,合計,未滿1歲,1-未滿2歲,2-未滿3歲,合計,未滿1歲,1-未滿2歲,2-未滿3歲
桃園市私立熊寶堡托嬰中心,桃園市私立熊寶堡托嬰中心,合計,1,     －,1,     －,30,22,11,11,11,4,3,4,11,2,6,3
桃園市私立巧倪托嬰中心,,一般,,,,,,21,10,11,10,4,2,4,11,2,6,3
桃園市私立御寶兒托嬰中心,,原住民,,,,,,1,1,     －,1,     －,1,     －,     －,     －,     －,     －
桃園市私立寶貝托嬰中心,,外籍配偶子女,,,,,,     －,     －,     －,     －,     －,     －,     －,     －,     －,     －,     －
桃園市私立金向日葵托嬰中心,桃園市私立巧倪托嬰中心,合計,1,     －,1,     －,37,34,20,14,20,12,5,3,14,7,5,2
桃園市私立小哈力托嬰中心,,一般,,,,,,33,19,14,19,12,5,2,14,7,5,2
桃園市私立新發現托嬰中心,,原住民,,,,,,     －,     －,     －,     －,     －,     －,     －,     －,     －,     －,     －
,,外籍配偶子女,,,,,,1,1,     －,1,     －,     －,1,     －,     －,     －,     －
,桃園市私立御寶兒托嬰中心,合計,1,     －,1,     －,19,5,2,3,2,     －,1,1,3,1,2,     －
,,一般,,,,,,5,2,3,2,     －,1,1,3,1,2,     －
,,原住民,,,,,,     －,     －,     －,     －,     －,     －,     －,     －,     －,     －,     －
,,外籍配偶子女,,,,,,     －,     －,     －,     －,     －,     －,     －,     －,     －,     －,     －
,桃園市私立寶貝托嬰中心,合計,1,     －,1,     －,30,30,15,15,15,1,8,6,15,4,8,3
,,一般,,,,,,24,14,10,14,1,7,6,10,4,4,2
,,原住民,,,,,,4,1,3,1,     －,1,     －,3,     －,3,     －
,,外籍配偶子女,,,,,,2,     －,2,     －,     －,     －,     －,2,     －,1,1
,桃園市私立金向日葵托嬰中心,合計,1,     －,1,     －,20,20,8,12,8,3,5,     －,12,1,7,4
,,一般,,,,,,20,8,12,8,3,5,     －,12,1,7,4
,,原住民,,,,,,     －,     －,     －,     －,     －,     －,     －,     －,     －,     －,     －
,,外籍配偶子女,,,,,,     －,     －,     －,     －,     －,     －,     －,     －,     －,     －,     －
,桃園市私立小哈力托嬰中心,合計,1,     －,1,     －,35,33,17,16,17,7,8,2,16,3,9,4
,,一般,,,,,,32,17,15,17,7,8,2,15,3,8,4
,,原住民,,,,,,     －,     －,     －,     －,     －,     －,     －,     －,     －,     －,     －
,,外籍配偶子女,,,,,,1,     －,1,     －,     －,     －,     －,1,     －,1,     －
,桃園市私立新發現托嬰中心,合計,1,     －,1,     －,13,13,7,6,7,2,5,     －,6,1,5,     －
,,一般,,,,,,13,7,6,7,2,5,     －,6,1,5,     －
,,原住民,,,,,,     －,     －,     －,     －,     －,     －,     －,     －,     －,     －,     －
,,外籍配偶子女,,,,,,     －,     －,     －,     －,     －,     －,     －,     －,     －,     －,     －
,,,,,,,,,,,,,,,,,,
,,,,,,,,,,,,,,,,,,
,,,,,,,,,,,,,,,,,,
,公　開　類,桃園市政府(婦幼發展局),半　年　報,每半年終了後20日內編送,10730-06-01-2,桃園市托嬰中心所數及收托人數(續9),中華民國112年下半年底,,,,,,,,,,,
,,,,,,,,,,,,,,,,,,
,,,,,,,,,,,,,,,,,,
,,,,,,,,,,,,,,,,,,
,桃園市托嬰中心所數及收托人數(續9),,,,,,,,,,,,,,,,,
,中華民國112年下半年底,,,,,,,,,,,,,,,,,
,機構名稱及身分別,,所數,,,,核定收托人數,實際收托人數,,,,,,,,,,
,,,總計,公立,私立,公辦民營,,總計,,,男,,,,女,,,
,,,,,,,,合計,男,女,合計,未滿1歲,1-未滿2歲,2-未滿3歲,合計,未滿1歲,1-未滿2歲,2-未滿3歲
桃園市私立喜美斯托嬰中心,桃園市私立喜美斯托嬰中心,合計,1,     －,1,     －,47,31,17,14,17,5,6,6,14,2,8,4
桃園市私立國際長頸鹿托嬰中心,,一般,,,,,,29,16,13,16,4,6,6,13,1,8,4
桃園市私立璦瑪懷恩托嬰中心,,原住民,,,,,,2,1,1,1,1,     －,     －,1,1,     －,     －
桃園市私立佳佳托嬰中心,,外籍配偶子女,,,,,,     －,     －,     －,     －,     －,     －,     －,     －,     －,     －,     －
桃園市私立立暘樂福托嬰中心,桃園市私立國際長頸鹿托嬰中心,合計,1,     －,1,     －,10,10,5,5,5,1,2,2,5,     －,5,     －
桃園市私立喜美斯快樂托嬰中心,,一般,,,,,,10,5,5,5,1,2,2,5,     －,5,     －
桃園市私立富寶貝專業托嬰中心,,原住民,,,,,,     －,     －,     －,     －,     －,     －,     －,     －,     －,     －,     －
,,外籍配偶子女,,,,,,     －,     －,     －,     －,     －,     －,     －,     －,     －,     －,     －
,桃園市私立璦瑪懷恩托嬰中心,合計,1,     －,1,     －,52,47,25,22,25,4,13,8,22,8,13,1
,,一般,,,,,,45,23,22,23,4,12,7,22,8,13,1
,,原住民,,,,,,1,1,     －,1,     －,     －,1,     －,     －,     －,     －
,,外籍配偶子女,,,,,,1,1,     －,1,     －,1,     －,     －,     －,     －,     －
,桃園市私立佳佳托嬰中心,合計,1,     －,1,     －,28,20,10,10,10,1,6,3,10,2,6,2
,,一般,,,,,,18,9,9,9,1,5,3,9,2,5,2
,,原住民,,,,,,2,1,1,1,     －,1,     －,1,     －,1,     －
,,外籍配偶子女,,,,,,     －,     －,     －,     －,     －,     －,     －,     －,     －,     －,     －
,桃園市私立立暘樂福托嬰中心,合計,1,     －,1,     －,30,30,16,14,16,3,8,5,14,5,7,2
,,一般,,,,,,30,16,14,16,3,8,5,14,5,7,2
,,原住民,,,,,,     －,     －,     －,     －,     －,     －,     －,     －,     －,     －,     －
,,外籍配偶子女,,,,,,     －,     －,     －,     －,     －,     －,     －,     －,     －,     －,     －
,桃園市私立喜美斯快樂托嬰中心,合計,1,     －,1,     －,40,36,21,15,21,9,5,7,15,4,6,5
,,一般,,,,,,35,21,14,21,9,5,7,14,4,5,5
,,原住民,,,,,,1,     －,1,     －,     －,     －,     －,1,     －,1,     －
,,外籍配偶子女,,,,,,     －,     －,     －,     －,     －,     －,     －,     －,     －,     －,     －
,桃園市私立富寶貝專業托嬰中心,合計,1,     －,1,     －,33,23,12,11,12,2,6,4,11,2,6,3
,,一般,,,,,,23,12,11,12,2,6,4,11,2,6,3
,,原住民,,,,,,     －,     －,     －,     －,     －,     －,     －,     －,     －,     －,     －
,,外籍配偶子女,,,,,,     －,     －,     －,     －,     －,     －,     －,     －,     －,     －,     －
,,,,,,,,,,,,,,,,,,
,,,,,,,,,,,,,,,,,,
,,,,,,,,,,,,,,,,,,
,公　開　類,桃園市政府(婦幼發展局),半　年　報,每半年終了後20日內編送,10730-06-01-2,桃園市托嬰中心所數及收托人數(續10),中華民國112年下半年底,,,,,,,,,,,
,,,,,,,,,,,,,,,,,,
,,,,,,,,,,,,,,,,,,
,,,,,,,,,,,,,,,,,,
,桃園市托嬰中心所數及收托人數(續10),,,,,,,,,,,,,,,,,
,中華民國112年下半年底,,,,,,,,,,,,,,,,,
,機構名稱及身分別,,所數,,,,核定收托人數,實際收托人數,,,,,,,,,,
,,,總計,公立,私立,公辦民營,,總計,,,男,,,,女,,,
,,,,,,,,合計,男,女,合計,未滿1歲,1-未滿2歲,2-未滿3歲,合計,未滿1歲,1-未滿2歲,2-未滿3歲
桃園市私立喜美斯幸福托嬰中心,桃園市私立喜美斯幸福托嬰中心,合計,1,     －,1,     －,48,31,20,11,20,3,14,3,11,     －,6,5
桃園市私立蒂兒寶寶托嬰中心,,一般,,,,,,31,20,11,20,3,14,3,11,     －,6,5
桃園市私立安貝斯托嬰中心,,原住民,,,,,,     －,     －,     －,     －,     －,     －,     －,     －,     －,     －,     －
桃園市私立金寶寶托嬰中心,,外籍配偶子女,,,,,,     －,     －,     －,     －,     －,     －,     －,     －,     －,     －,     －
桃園市私立小英倫國際托嬰中心,桃園市私立蒂兒寶寶托嬰中心,合計,1,     －,1,     －,35,15,6,9,6,1,4,1,9,2,6,1
桃園市私立桃園館愛媽咪托嬰中心,,一般,,,,,,15,6,9,6,1,4,1,9,2,6,1
桃園市私立寶慶托嬰中心,,原住民,,,,,,     －,     －,     －,     －,     －,     －,     －,     －,     －,     －,     －
,,外籍配偶子女,,,,,,     －,     －,     －,     －,     －,     －,     －,     －,     －,     －,     －
,桃園市私立安貝斯托嬰中心,合計,1,     －,1,     －,31,30,17,13,17,7,8,2,13,2,5,6
,,一般,,,,,,30,17,13,17,7,8,2,13,2,5,6
,,原住民,,,,,,     －,     －,     －,     －,     －,     －,     －,     －,     －,     －,     －
,,外籍配偶子女,,,,,,     －,     －,     －,     －,     －,     －,     －,     －,     －,     －,     －
,桃園市私立金寶寶托嬰中心,合計,1,     －,1,     －,60,29,13,16,13,4,3,6,16,5,7,4
,,一般,,,,,,29,13,16,13,4,3,6,16,5,7,4
,,原住民,,,,,,     －,     －,     －,     －,     －,     －,     －,     －,     －,     －,     －
,,外籍配偶子女,,,,,,     －,     －,     －,     －,     －,     －,     －,     －,     －,     －,     －
,桃園市私立小英倫國際托嬰中心,合計,1,     －,1,     －,82,62,35,27,35,9,18,8,27,10,11,6
,,一般,,,,,,62,35,27,35,9,18,8,27,10,11,6
,,原住民,,,,,,     －,     －,     －,     －,     －,     －,     －,     －,     －,     －,     －
,,外籍配偶子女,,,,,,     －,     －,     －,     －,     －,     －,     －,     －,     －,     －,     －
,桃園市私立桃園館愛媽咪托嬰中心,合計,1,     －,1,     －,40,34,22,12,22,8,8,6,12,1,6,5
,,一般,,,,,,34,22,12,22,8,8,6,12,1,6,5
,,原住民,,,,,,     －,     －,     －,     －,     －,     －,     －,     －,     －,     －,     －
,,外籍配偶子女,,,,,,     －,     －,     －,     －,     －,     －,     －,     －,     －,     －,     －
,桃園市私立寶慶托嬰中心,合計,1,     －,1,     －,26,11,4,7,4,     －,2,2,7,1,4,2
,,一般,,,,,,11,4,7,4,     －,2,2,7,1,4,2
,,原住民,,,,,,     －,     －,     －,     －,     －,     －,     －,     －,     －,     －,     －
,,外籍配偶子女,,,,,,     －,     －,     －,     －,     －,     －,     －,     －,     －,     －,     －
,,,,,,,,,,,,,,,,,,
,,,,,,,,,,,,,,,,,,
,,,,,,,,,,,,,,,,,,
,公　開　類,桃園市政府(婦幼發展局),半　年　報,每半年終了後20日內編送,10730-06-01-2,桃園市托嬰中心所數及收托人數(續11),中華民國112年下半年底,,,,,,,,,,,
,,,,,,,,,,,,,,,,,,
,,,,,,,,,,,,,,,,,,
,,,,,,,,,,,,,,,,,,
,桃園市托嬰中心所數及收托人數(續11),,,,,,,,,,,,,,,,,
,中華民國112年下半年底,,,,,,,,,,,,,,,,,
,機構名稱及身分別,,所數,,,,核定收托人數,實際收托人數,,,,,,,,,,
,,,總計,公立,私立,公辦民營,,總計,,,男,,,,女,,,
,,,,,,,,合計,男,女,合計,未滿1歲,1-未滿2歲,2-未滿3歲,合計,未滿1歲,1-未滿2歲,2-未滿3歲
桃園市私立欣田托嬰中心,桃園市私立欣田托嬰中心,合計,1,     －,1,     －,43,38,22,16,22,6,11,5,16,3,8,5
桃園市私立凱爾葳托嬰中心,,一般,,,,,,38,22,16,22,6,11,5,16,3,8,5
桃園市私立陽光森林托嬰中心,,原住民,,,,,,     －,     －,     －,     －,     －,     －,     －,     －,     －,     －,     －
桃園市台煒有限公司附設私立台煒托嬰中心,,外籍配偶子女,,,,,,     －,     －,     －,     －,     －,     －,     －,     －,     －,     －,     －
桃園市私立小英倫國際森林館托嬰中心,桃園市私立凱爾葳托嬰中心,合計,1,     －,1,     －,40,35,18,17,18,5,10,3,17,6,6,5
桃園市私立采舍托嬰中心,,一般,,,,,,34,18,16,18,5,10,3,16,6,6,4
桃園市私立貝格爾托嬰中心,,原住民,,,,,,     －,     －,     －,     －,     －,     －,     －,     －,     －,     －,     －
,,外籍配偶子女,,,,,,1,     －,1,     －,     －,     －,     －,1,     －,     －,1
,桃園市私立陽光森林托嬰中心,合計,1,     －,1,     －,55,30,15,15,15,4,5,6,15,3,7,5
,,一般,,,,,,30,15,15,15,4,5,6,15,3,7,5
,,原住民,,,,,,     －,     －,     －,     －,     －,     －,     －,     －,     －,     －,     －
,,外籍配偶子女,,,,,,     －,     －,     －,     －,     －,     －,     －,     －,     －,     －,     －
,桃園市台煒有限公司附設私立台煒托嬰中心,合計,1,     －,1,     －,64,33,19,14,19,5,11,3,14,1,8,5
,,一般,,,,,,32,19,13,19,5,11,3,13,1,7,5
,,原住民,,,,,,1,     －,1,     －,     －,     －,     －,1,     －,1,     －
,,外籍配偶子女,,,,,,     －,     －,     －,     －,     －,     －,     －,     －,     －,     －,     －
,桃園市私立小英倫國際森林館托嬰中心,合計,1,     －,1,     －,76,55,33,22,33,15,10,8,22,5,11,6
,,一般,,,,,,55,33,22,33,15,10,8,22,5,11,6
,,原住民,,,,,,     －,     －,     －,     －,     －,     －,     －,     －,     －,     －,     －
,,外籍配偶子女,,,,,,     －,     －,     －,     －,     －,     －,     －,     －,     －,     －,     －
,桃園市私立采舍托嬰中心,合計,1,     －,1,     －,31,25,11,14,11,4,3,4,14,5,6,3
,,一般,,,,,,25,11,14,11,4,3,4,14,5,6,3
,,原住民,,,,,,     －,     －,     －,     －,     －,     －,     －,     －,     －,     －,     －
,,外籍配偶子女,,,,,,     －,     －,     －,     －,     －,     －,     －,     －,     －,     －,     －
,桃園市私立貝格爾托嬰中心,合計,1,     －,1,     －,67,43,22,21,22,4,8,10,21,11,8,2
,,一般,,,,,,41,21,20,21,4,8,9,20,10,8,2
,,原住民,,,,,,2,1,1,1,     －,     －,1,1,1,     －,     －
,,外籍配偶子女,,,,,,     －,     －,     －,     －,     －,     －,     －,     －,     －,     －,     －
,,,,,,,,,,,,,,,,,,
,,,,,,,,,,,,,,,,,,
,,,,,,,,,,,,,,,,,,
,公　開　類,桃園市政府(婦幼發展局),半　年　報,每半年終了後20日內編送,10730-06-01-2,桃園市托嬰中心所數及收托人數(續12),中華民國112年下半年底,,,,,,,,,,,
,,,,,,,,,,,,,,,,,,
,,,,,,,,,,,,,,,,,,
,,,,,,,,,,,,,,,,,,
,桃園市托嬰中心所數及收托人數(續12),,,,,,,,,,,,,,,,,
,中華民國112年下半年底,,,,,,,,,,,,,,,,,
,機構名稱及身分別,,所數,,,,核定收托人數,實際收托人數,,,,,,,,,,
,,,總計,公立,私立,公辦民營,,總計,,,男,,,,女,,,
,,,,,,,,合計,男,女,合計,未滿1歲,1-未滿2歲,2-未滿3歲,合計,未滿1歲,1-未滿2歲,2-未滿3歲
桃園市私立風禾日光托嬰中心,桃園市私立風禾日光托嬰中心,合計,1,     －,1,     －,40,19,6,13,6,1,2,3,13,3,9,1
桃園市私立小英倫國際幸福館托嬰中心,,一般,,,,,,19,6,13,6,1,2,3,13,3,9,1
桃園市私立安貝斯禾悅托嬰中心,,原住民,,,,,,     －,     －,     －,     －,     －,     －,     －,     －,     －,     －,     －
桃園市私立凱德寶托嬰中心,,外籍配偶子女,,,,,,     －,     －,     －,     －,     －,     －,     －,     －,     －,     －,     －
桃園市私立言嬡專業托嬰中心,桃園市私立小英倫國際幸福館托嬰中心,合計,1,     －,1,     －,80,35,18,17,18,3,12,3,17,3,7,7
桃園市私立瑞梅蒙氏托嬰中心,,一般,,,,,,35,18,17,18,3,12,3,17,3,7,7
桃園市私立立暘托嬰中心,,原住民,,,,,,     －,     －,     －,     －,     －,     －,     －,     －,     －,     －,     －
,,外籍配偶子女,,,,,,     －,     －,     －,     －,     －,     －,     －,     －,     －,     －,     －
,桃園市私立安貝斯禾悅托嬰中心,合計,1,     －,1,     －,70,34,16,18,16,6,7,3,18,3,12,3
,,一般,,,,,,34,16,18,16,6,7,3,18,3,12,3
,,原住民,,,,,,     －,     －,     －,     －,     －,     －,     －,     －,     －,     －,     －
,,外籍配偶子女,,,,,,     －,     －,     －,     －,     －,     －,     －,     －,     －,     －,     －
,桃園市私立凱德寶托嬰中心,合計,1,     －,1,     －,65,20,11,9,11,3,8,     －,9,1,7,1
,,一般,,,,,,20,11,9,11,3,8,     －,9,1,7,1
,,原住民,,,,,,     －,     －,     －,     －,     －,     －,     －,     －,     －,     －,     －
,,外籍配偶子女,,,,,,     －,     －,     －,     －,     －,     －,     －,     －,     －,     －,     －
,桃園市私立言嬡專業托嬰中心,合計,1,     －,1,     －,17,11,5,6,5,1,4,     －,6,1,4,1
,,一般,,,,,,11,5,6,5,1,4,     －,6,1,4,1
,,原住民,,,,,,     －,     －,     －,     －,     －,     －,     －,     －,     －,     －,     －
,,外籍配偶子女,,,,,,     －,     －,     －,     －,     －,     －,     －,     －,     －,     －,     －
,桃園市私立瑞梅蒙氏托嬰中心,合計,1,     －,1,     －,35,29,19,10,19,6,3,10,10,2,8,     －
,,一般,,,,,,28,18,10,18,6,2,10,10,2,8,     －
,,原住民,,,,,,1,1,     －,1,     －,1,     －,     －,     －,     －,     －
,,外籍配偶子女,,,,,,     －,     －,     －,     －,     －,     －,     －,     －,     －,     －,     －
,桃園市私立立暘托嬰中心,合計,1,     －,1,     －,18,17,5,12,5,1,2,2,12,4,7,1
,,一般,,,,,,17,5,12,5,1,2,2,12,4,7,1
,,原住民,,,,,,     －,     －,     －,     －,     －,     －,     －,     －,     －,     －,     －
,,外籍配偶子女,,,,,,     －,     －,     －,     －,     －,     －,     －,     －,     －,     －,     －
,,,,,,,,,,,,,,,,,,
,,,,,,,,,,,,,,,,,,
,,,,,,,,,,,,,,,,,,
,公　開　類,桃園市政府(婦幼發展局),半　年　報,每半年終了後20日內編送,10730-06-01-2,桃園市托嬰中心所數及收托人數(續13),中華民國112年下半年底,,,,,,,,,,,
,,,,,,,,,,,,,,,,,,
,,,,,,,,,,,,,,,,,,
,,,,,,,,,,,,,,,,,,
,桃園市托嬰中心所數及收托人數(續13),,,,,,,,,,,,,,,,,
,中華民國112年下半年底,,,,,,,,,,,,,,,,,
,機構名稱及身分別,,所數,,,,核定收托人數,實際收托人數,,,,,,,,,,
,,,總計,公立,私立,公辦民營,,總計,,,男,,,,女,,,
,,,,,,,,合計,男,女,合計,未滿1歲,1-未滿2歲,2-未滿3歲,合計,未滿1歲,1-未滿2歲,2-未滿3歲
桃園市私立茉莉托嬰中心,桃園市私立茉莉托嬰中心,合計,1,     －,1,     －,24,24,8,16,8,3,5,     －,16,1,9,6
桃園市私立立暘寶寶托嬰中心,,一般,,,,,,24,8,16,8,3,5,     －,16,1,9,6
桃園市私立華府托嬰中心,,原住民,,,,,,     －,     －,     －,     －,     －,     －,     －,     －,     －,     －,     －
桃園市私立樂堡兒托嬰中心,,外籍配偶子女,,,,,,     －,     －,     －,     －,     －,     －,     －,     －,     －,     －,     －
桃園市私立貝拉托嬰中心,桃園市私立立暘寶寶托嬰中心,合計,1,     －,1,     －,55,54,26,28,26,8,10,8,28,9,13,6
桃園市私立頂尖托嬰中心,,一般,,,,,,54,26,28,26,8,10,8,28,9,13,6
桃園市私立朵拉托嬰中心,,原住民,,,,,,     －,     －,     －,     －,     －,     －,     －,     －,     －,     －,     －
,,外籍配偶子女,,,,,,     －,     －,     －,     －,     －,     －,     －,     －,     －,     －,     －
,桃園市私立華府托嬰中心,合計,1,     －,1,     －,49,34,17,17,17,8,7,2,17,5,9,3
,,一般,,,,,,34,17,17,17,8,7,2,17,5,9,3
,,原住民,,,,,,     －,     －,     －,     －,     －,     －,     －,     －,     －,     －,     －
,,外籍配偶子女,,,,,,     －,     －,     －,     －,     －,     －,     －,     －,     －,     －,     －
,桃園市私立樂堡兒托嬰中心,合計,1,     －,1,     －,37,37,19,18,19,5,12,2,18,5,9,4
,,一般,,,,,,37,19,18,19,5,12,2,18,5,9,4
,,原住民,,,,,,     －,     －,     －,     －,     －,     －,     －,     －,     －,     －,     －
,,外籍配偶子女,,,,,,     －,     －,     －,     －,     －,     －,     －,     －,     －,     －,     －
,桃園市私立貝拉托嬰中心,合計,1,     －,1,     －,45,45,18,27,18,8,8,2,27,10,11,6
,,一般,,,,,,45,18,27,18,8,8,2,27,10,11,6
,,原住民,,,,,,     －,     －,     －,     －,     －,     －,     －,     －,     －,     －,     －
,,外籍配偶子女,,,,,,     －,     －,     －,     －,     －,     －,     －,     －,     －,     －,     －
,桃園市私立頂尖托嬰中心,合計,1,     －,1,     －,32,32,15,17,15,6,9,     －,17,5,11,1
,,一般,,,,,,31,15,16,15,6,9,     －,16,5,10,1
,,原住民,,,,,,1,     －,1,     －,     －,     －,     －,1,     －,1,     －
,,外籍配偶子女,,,,,,     －,     －,     －,     －,     －,     －,     －,     －,     －,     －,     －
,桃園市私立朵拉托嬰中心,合計,1,     －,1,     －,30,30,20,10,20,5,13,2,10,2,7,1
,,一般,,,,,,30,20,10,20,5,13,2,10,2,7,1
,,原住民,,,,,,     －,     －,     －,     －,     －,     －,     －,     －,     －,     －,     －
,,外籍配偶子女,,,,,,     －,     －,     －,     －,     －,     －,     －,     －,     －,     －,     －
,,,,,,,,,,,,,,,,,,
,,,,,,,,,,,,,,,,,,
,,,,,,,,,,,,,,,,,,
,公　開　類,桃園市政府(婦幼發展局),半　年　報,每半年終了後20日內編送,10730-06-01-2,桃園市托嬰中心所數及收托人數(續14),中華民國112年下半年底,,,,,,,,,,,
,,,,,,,,,,,,,,,,,,
,,,,,,,,,,,,,,,,,,
,,,,,,,,,,,,,,,,,,
,桃園市托嬰中心所數及收托人數(續14),,,,,,,,,,,,,,,,,
,中華民國112年下半年底,,,,,,,,,,,,,,,,,
,機構名稱及身分別,,所數,,,,核定收托人數,實際收托人數,,,,,,,,,,
,,,總計,公立,私立,公辦民營,,總計,,,男,,,,女,,,
,,,,,,,,合計,男,女,合計,未滿1歲,1-未滿2歲,2-未滿3歲,合計,未滿1歲,1-未滿2歲,2-未滿3歲
桃園市私立百年正恩托嬰中心,桃園市私立百年正恩托嬰中心,合計,1,     －,1,     －,43,10,4,6,4,4,     －,     －,6,4,1,1
桃園市私立長庚醫療財團法人林口長庚紀念醫院附設托嬰中心,,一般,,,,,,10,4,6,4,4,     －,     －,6,4,1,1
桃園市私立安德笙托嬰中心,,原住民,,,,,,     －,     －,     －,     －,     －,     －,     －,     －,     －,     －,     －
"桃園市私立米其林托嬰中心
",,外籍配偶子女,,,,,,     －,     －,     －,     －,     －,     －,     －,     －,     －,     －,     －
桃園市私立寶心樂善園托嬰中心,桃園市私立長庚醫療財團法人林口長庚紀念醫院附設托嬰中心,合計,1,     －,1,     －,80,80,47,33,47,6,31,10,33,8,17,8
桃園市私立蘊愛托嬰中心,,一般,,,,,,78,46,32,46,6,30,10,32,8,16,8
桃園市私立中旭園托嬰中心,,原住民,,,,,,2,1,1,1,     －,1,     －,1,     －,1,     －
,,外籍配偶子女,,,,,,     －,     －,     －,     －,     －,     －,     －,     －,     －,     －,     －
,桃園市私立安德笙托嬰中心,合計,1,     －,1,     －,59,55,31,24,31,8,13,10,24,8,8,8
,,一般,,,,,,55,31,24,31,8,13,10,24,8,8,8
,,原住民,,,,,,     －,     －,     －,     －,     －,     －,     －,     －,     －,     －,     －
,,外籍配偶子女,,,,,,     －,     －,     －,     －,     －,     －,     －,     －,     －,     －,     －
,"桃園市私立米其林托嬰中心
",合計,1,     －,1,     －,45,45,24,21,24,7,13,4,21,8,8,5
,,一般,,,,,,45,24,21,24,7,13,4,21,8,8,5
,,原住民,,,,,,     －,     －,     －,     －,     －,     －,     －,     －,     －,     －,     －
,,外籍配偶子女,,,,,,     －,     －,     －,     －,     －,     －,     －,     －,     －,     －,     －
,桃園市私立寶心樂善園托嬰中心,合計,1,     －,1,     －,25,20,12,8,12,6,5,1,8,4,4,     －
,,一般,,,,,,20,12,8,12,6,5,1,8,4,4,     －
,,原住民,,,,,,     －,     －,     －,     －,     －,     －,     －,     －,     －,     －,     －
,,外籍配偶子女,,,,,,     －,     －,     －,     －,     －,     －,     －,     －,     －,     －,     －
,桃園市私立蘊愛托嬰中心,合計,1,     －,1,     －,58,26,13,13,13,     －,7,6,13,1,7,5
,,一般,,,,,,26,13,13,13,     －,7,6,13,1,7,5
,,原住民,,,,,,     －,     －,     －,     －,     －,     －,     －,     －,     －,     －,     －
,,外籍配偶子女,,,,,,     －,     －,     －,     －,     －,     －,     －,     －,     －,     －,     －
,桃園市私立中旭園托嬰中心,合計,1,     －,1,     －,49,49,23,26,23,10,11,2,26,12,9,5
,,一般,,,,,,49,23,26,23,10,11,2,26,12,9,5
,,原住民,,,,,,     －,     －,     －,     －,     －,     －,     －,     －,     －,     －,     －
,,外籍配偶子女,,,,,,     －,     －,     －,     －,     －,     －,     －,     －,     －,     －,     －
,,,,,,,,,,,,,,,,,,
,,,,,,,,,,,,,,,,,,
,,,,,,,,,,,,,,,,,,
,公　開　類,桃園市政府(婦幼發展局),半　年　報,每半年終了後20日內編送,10730-06-01-2,桃園市托嬰中心所數及收托人數(續15),中華民國112年下半年底,,,,,,,,,,,
,,,,,,,,,,,,,,,,,,
,,,,,,,,,,,,,,,,,,
,,,,,,,,,,,,,,,,,,
,桃園市托嬰中心所數及收托人數(續15),,,,,,,,,,,,,,,,,
,中華民國112年下半年底,,,,,,,,,,,,,,,,,
,機構名稱及身分別,,所數,,,,核定收托人數,實際收托人數,,,,,,,,,,
,,,總計,公立,私立,公辦民營,,總計,,,男,,,,女,,,
,,,,,,,,合計,男,女,合計,未滿1歲,1-未滿2歲,2-未滿3歲,合計,未滿1歲,1-未滿2歲,2-未滿3歲
桃園市私立幸福日光華亞托嬰中心,桃園市私立幸福日光華亞托嬰中心,合計,1,     －,1,     －,30,7,5,2,5,     －,4,1,2,1,     －,1
桃園市私立艾兒思特托嬰中心,,一般,,,,,,7,5,2,5,     －,4,1,2,1,     －,1
桃園市私立童萌國托嬰中心,,原住民,,,,,,     －,     －,     －,     －,     －,     －,     －,     －,     －,     －,     －
桃園市私立宜禾托嬰中心,,外籍配偶子女,,,,,,     －,     －,     －,     －,     －,     －,     －,     －,     －,     －,     －
桃園市私立育芯園托嬰中心,桃園市私立艾兒思特托嬰中心,合計,1,     －,1,     －,25,25,15,10,15,6,7,2,10,3,5,2
桃園市私立安娜寶貝托嬰中心,,一般,,,,,,25,15,10,15,6,7,2,10,3,5,2
桃園市私立快樂托嬰中心,,原住民,,,,,,     －,     －,     －,     －,     －,     －,     －,     －,     －,     －,     －
,,外籍配偶子女,,,,,,     －,     －,     －,     －,     －,     －,     －,     －,     －,     －,     －
,桃園市私立童萌國托嬰中心,合計,1,     －,1,     －,38,37,16,21,16,4,5,7,21,3,10,8
,,一般,,,,,,37,16,21,16,4,5,7,21,3,10,8
,,原住民,,,,,,     －,     －,     －,     －,     －,     －,     －,     －,     －,     －,     －
,,外籍配偶子女,,,,,,     －,     －,     －,     －,     －,     －,     －,     －,     －,     －,     －
,桃園市私立宜禾托嬰中心,合計,1,     －,1,     －,40,31,12,19,12,7,2,3,19,8,11,     －
,,一般,,,,,,31,12,19,12,7,2,3,19,8,11,     －
,,原住民,,,,,,     －,     －,     －,     －,     －,     －,     －,     －,     －,     －,     －
,,外籍配偶子女,,,,,,     －,     －,     －,     －,     －,     －,     －,     －,     －,     －,     －
,桃園市私立育芯園托嬰中心,合計,1,     －,1,     －,34,30,11,19,11,4,1,6,19,3,8,8
,,一般,,,,,,29,11,18,11,4,1,6,18,3,8,7
,,原住民,,,,,,     －,     －,     －,     －,     －,     －,     －,     －,     －,     －,     －
,,外籍配偶子女,,,,,,1,     －,1,     －,     －,     －,     －,1,     －,     －,1
,桃園市私立安娜寶貝托嬰中心,合計,1,     －,1,     －,40,32,14,18,14,6,5,3,18,5,9,4
,,一般,,,,,,31,14,17,14,6,5,3,17,4,9,4
,,原住民,,,,,,1,     －,1,     －,     －,     －,     －,1,1,     －,     －
,,外籍配偶子女,,,,,,     －,     －,     －,     －,     －,     －,     －,     －,     －,     －,     －
,桃園市私立快樂托嬰中心,合計,1,     －,1,     －,20,16,9,7,9,2,4,3,7,     －,3,4
,,一般,,,,,,15,8,7,8,1,4,3,7,     －,3,4
,,原住民,,,,,,1,1,     －,1,1,     －,     －,     －,     －,     －,     －
,,外籍配偶子女,,,,,,     －,     －,     －,     －,     －,     －,     －,     －,     －,     －,     －
,,,,,,,,,,,,,,,,,,
,,,,,,,,,,,,,,,,,,
,,,,,,,,,,,,,,,,,,
,公　開　類,桃園市政府(婦幼發展局),半　年　報,每半年終了後20日內編送,10730-06-01-2,桃園市托嬰中心所數及收托人數(續16),中華民國112年下半年底,,,,,,,,,,,
,,,,,,,,,,,,,,,,,,
,,,,,,,,,,,,,,,,,,
,,,,,,,,,,,,,,,,,,
,桃園市托嬰中心所數及收托人數(續16),,,,,,,,,,,,,,,,,
,中華民國112年下半年底,,,,,,,,,,,,,,,,,
,機構名稱及身分別,,所數,,,,核定收托人數,實際收托人數,,,,,,,,,,
,,,總計,公立,私立,公辦民營,,總計,,,男,,,,女,,,
,,,,,,,,合計,男,女,合計,未滿1歲,1-未滿2歲,2-未滿3歲,合計,未滿1歲,1-未滿2歲,2-未滿3歲
桃園市私立愛芮絲托嬰中心,桃園市私立愛芮絲托嬰中心,合計,1,     －,1,     －,35,33,12,21,12,4,4,4,21,4,11,6
桃園市私立璦瑪托嬰中心,,一般,,,,,,33,12,21,12,4,4,4,21,4,11,6
桃園市私立樂芙力托嬰中心,,原住民,,,,,,     －,     －,     －,     －,     －,     －,     －,     －,     －,     －,     －
桃園市私立種籽玫瑰托嬰中心,,外籍配偶子女,,,,,,     －,     －,     －,     －,     －,     －,     －,     －,     －,     －,     －
桃園市私立小種籽托嬰中心,桃園市私立璦瑪托嬰中心,合計,1,     －,1,     －,40,21,12,9,12,2,7,3,9,5,4,     －
桃園市私立愛佑康托嬰中心,,一般,,,,,,20,12,8,12,2,7,3,8,4,4,     －
桃園市私立寶貝屋托嬰中心,,原住民,,,,,,1,     －,1,     －,     －,     －,     －,1,1,     －,     －
,,外籍配偶子女,,,,,,     －,     －,     －,     －,     －,     －,     －,     －,     －,     －,     －
,桃園市私立樂芙力托嬰中心,合計,1,     －,1,     －,52,31,11,20,11,4,6,1,20,7,8,5
,,一般,,,,,,31,11,20,11,4,6,1,20,7,8,5
,,原住民,,,,,,     －,     －,     －,     －,     －,     －,     －,     －,     －,     －,     －
,,外籍配偶子女,,,,,,     －,     －,     －,     －,     －,     －,     －,     －,     －,     －,     －
,桃園市私立種籽玫瑰托嬰中心,合計,1,     －,1,     －,40,37,20,17,20,3,8,9,17,4,8,5
,,一般,,,,,,37,20,17,20,3,8,9,17,4,8,5
,,原住民,,,,,,     －,     －,     －,     －,     －,     －,     －,     －,     －,     －,     －
,,外籍配偶子女,,,,,,     －,     －,     －,     －,     －,     －,     －,     －,     －,     －,     －
,桃園市私立小種籽托嬰中心,合計,1,     －,1,     －,46,41,21,20,21,1,12,8,20,6,12,2
,,一般,,,,,,39,20,19,20,1,11,8,19,6,12,1
,,原住民,,,,,,1,     －,1,     －,     －,     －,     －,1,     －,     －,1
,,外籍配偶子女,,,,,,1,1,     －,1,     －,1,     －,     －,     －,     －,     －
,桃園市私立愛佑康托嬰中心,合計,1,     －,1,     －,25,23,11,12,11,     －,5,6,12,     －,6,6
,,一般,,,,,,23,11,12,11,     －,5,6,12,     －,6,6
,,原住民,,,,,,     －,     －,     －,     －,     －,     －,     －,     －,     －,     －,     －
,,外籍配偶子女,,,,,,     －,     －,     －,     －,     －,     －,     －,     －,     －,     －,     －
,桃園市私立寶貝屋托嬰中心,合計,1,     －,1,     －,27,25,13,12,13,5,6,2,12,5,5,2
,,一般,,,,,,25,13,12,13,5,6,2,12,5,5,2
,,原住民,,,,,,     －,     －,     －,     －,     －,     －,     －,     －,     －,     －,     －
,,外籍配偶子女,,,,,,     －,     －,     －,     －,     －,     －,     －,     －,     －,     －,     －
,,,,,,,,,,,,,,,,,,
,,,,,,,,,,,,,,,,,,
,,,,,,,,,,,,,,,,,,
,公　開　類,桃園市政府(婦幼發展局),半　年　報,每半年終了後20日內編送,10730-06-01-2,桃園市托嬰中心所數及收托人數(續17),中華民國112年下半年底,,,,,,,,,,,
,,,,,,,,,,,,,,,,,,
,,,,,,,,,,,,,,,,,,
,,,,,,,,,,,,,,,,,,
,桃園市托嬰中心所數及收托人數(續17),,,,,,,,,,,,,,,,,
,中華民國112年下半年底,,,,,,,,,,,,,,,,,
,機構名稱及身分別,,所數,,,,核定收托人數,實際收托人數,,,,,,,,,,
,,,總計,公立,私立,公辦民營,,總計,,,男,,,,女,,,
,,,,,,,,合計,男,女,合計,未滿1歲,1-未滿2歲,2-未滿3歲,合計,未滿1歲,1-未滿2歲,2-未滿3歲
桃園市私立幸福幼幼托嬰中心,桃園市私立幸福幼幼托嬰中心,合計,1,     －,1,     －,72,14,7,7,7,2,1,4,7,3,2,2
桃園市私立南榮媽咪休息站托嬰中心,,一般,,,,,,14,7,7,7,2,1,4,7,3,2,2
桃園市私立健寶托嬰中心,,原住民,,,,,,     －,     －,     －,     －,     －,     －,     －,     －,     －,     －,     －
桃園市私立愛寶托嬰中心,,外籍配偶子女,,,,,,     －,     －,     －,     －,     －,     －,     －,     －,     －,     －,     －
桃園市私立育芯園二館托嬰中心,桃園市私立南榮媽咪休息站托嬰中心,合計,1,     －,1,     －,78,51,31,20,31,7,16,8,20,4,8,8
桃園市私立恩典托嬰中心,,一般,,,,,,51,31,20,31,7,16,8,20,4,8,8
桃園市私立愛佑康右右托嬰中心,,原住民,,,,,,     －,     －,     －,     －,     －,     －,     －,     －,     －,     －,     －
,,外籍配偶子女,,,,,,     －,     －,     －,     －,     －,     －,     －,     －,     －,     －,     －
,桃園市私立健寶托嬰中心,合計,1,     －,1,     －,40,26,9,17,9,1,5,3,17,5,9,3
,,一般,,,,,,25,9,16,9,1,5,3,16,5,8,3
,,原住民,,,,,,     －,     －,     －,     －,     －,     －,     －,     －,     －,     －,     －
,,外籍配偶子女,,,,,,1,     －,1,     －,     －,     －,     －,1,     －,1,     －
,桃園市私立愛寶托嬰中心,合計,1,     －,1,     －,25,25,12,13,12,3,4,5,13,3,6,4
,,一般,,,,,,25,12,13,12,3,4,5,13,3,6,4
,,原住民,,,,,,     －,     －,     －,     －,     －,     －,     －,     －,     －,     －,     －
,,外籍配偶子女,,,,,,     －,     －,     －,     －,     －,     －,     －,     －,     －,     －,     －
,桃園市私立育芯園二館托嬰中心,合計,1,     －,1,     －,40,36,18,18,18,3,8,7,18,2,11,5
,,一般,,,,,,36,18,18,18,3,8,7,18,2,11,5
,,原住民,,,,,,     －,     －,     －,     －,     －,     －,     －,     －,     －,     －,     －
,,外籍配偶子女,,,,,,     －,     －,     －,     －,     －,     －,     －,     －,     －,     －,     －
,桃園市私立恩典托嬰中心,合計,1,     －,1,     －,49,30,19,11,19,5,7,7,11,3,5,3
,,一般,,,,,,30,19,11,19,5,7,7,11,3,5,3
,,原住民,,,,,,     －,     －,     －,     －,     －,     －,     －,     －,     －,     －,     －
,,外籍配偶子女,,,,,,     －,     －,     －,     －,     －,     －,     －,     －,     －,     －,     －
,桃園市私立愛佑康右右托嬰中心,合計,1,     －,1,     －,49,37,22,15,22,4,9,9,15,7,6,2
,,一般,,,,,,37,22,15,22,4,9,9,15,7,6,2
,,原住民,,,,,,     －,     －,     －,     －,     －,     －,     －,     －,     －,     －,     －
,,外籍配偶子女,,,,,,     －,     －,     －,     －,     －,     －,     －,     －,     －,     －,     －
,,,,,,,,,,,,,,,,,,
,,,,,,,,,,,,,,,,,,
,,,,,,,,,,,,,,,,,,
,公　開　類,桃園市政府(婦幼發展局),半　年　報,每半年終了後20日內編送,10730-06-01-2,桃園市托嬰中心所數及收托人數(續18),中華民國112年下半年底,,,,,,,,,,,
,,,,,,,,,,,,,,,,,,
,,,,,,,,,,,,,,,,,,
,,,,,,,,,,,,,,,,,,
,桃園市托嬰中心所數及收托人數(續18),,,,,,,,,,,,,,,,,
,中華民國112年下半年底,,,,,,,,,,,,,,,,,
,機構名稱及身分別,,所數,,,,核定收托人數,實際收托人數,,,,,,,,,,
,,,總計,公立,私立,公辦民營,,總計,,,男,,,,女,,,
,,,,,,,,合計,男,女,合計,未滿1歲,1-未滿2歲,2-未滿3歲,合計,未滿1歲,1-未滿2歲,2-未滿3歲
桃園市私立心茵托嬰中心,桃園市私立心茵托嬰中心,合計,1,     －,1,     －,20,18,9,9,9,4,4,1,9,     －,6,3
"桃園市私立心辰托嬰中心
",,一般,,,,,,18,9,9,9,4,4,1,9,     －,6,3
"公設民營八德瑞泰托嬰中心
",,原住民,,,,,,     －,     －,     －,     －,     －,     －,     －,     －,     －,     －,     －
公設民營八德托嬰中心,,外籍配偶子女,,,,,,     －,     －,     －,     －,     －,     －,     －,     －,     －,     －,     －
"公設民營八德大湳托嬰中心
","桃園市私立心辰托嬰中心
",合計,1,     －,1,     －,32,     －,     －,     －,     －,     －,     －,     －,     －,     －,     －,     －
公設民營八德北青托嬰中心,,一般,,,,,,     －,     －,     －,     －,     －,     －,     －,     －,     －,     －,     －
公設民營大園托嬰中心,,原住民,,,,,,     －,     －,     －,     －,     －,     －,     －,     －,     －,     －,     －
,,外籍配偶子女,,,,,,     －,     －,     －,     －,     －,     －,     －,     －,     －,     －,     －
,"公設民營八德瑞泰托嬰中心
",合計,1,     －,     －,1,45,45,25,20,25,4,15,6,20,2,10,8
,,一般,,,,,,28,15,13,15,2,8,5,13,1,7,5
,,原住民,,,,,,17,10,7,10,2,7,1,7,1,3,3
,,外籍配偶子女,,,,,,     －,     －,     －,     －,     －,     －,     －,     －,     －,     －,     －
,公設民營八德托嬰中心,合計,1,     －,     －,1,45,20,13,7,13,     －,8,5,7,     －,5,2
,,一般,,,,,,14,9,5,9,     －,5,4,5,     －,4,1
,,原住民,,,,,,5,3,2,3,     －,3,     －,2,     －,1,1
,,外籍配偶子女,,,,,,1,1,     －,1,     －,     －,1,     －,     －,     －,     －
,"公設民營八德大湳托嬰中心
",合計,1,     －,     －,1,40,40,22,18,22,2,8,12,18,6,5,7
,,一般,,,,,,32,17,15,17,1,5,11,15,6,3,6
,,原住民,,,,,,8,5,3,5,1,3,1,3,     －,2,1
,,外籍配偶子女,,,,,,     －,     －,     －,     －,     －,     －,     －,     －,     －,     －,     －
,公設民營八德北青托嬰中心,合計,1,     －,     －,1,75,75,38,37,38,2,25,11,37,8,13,16
,,一般,,,,,,58,28,30,28,     －,18,10,30,5,11,14
,,原住民,,,,,,14,7,7,7,1,6,     －,7,3,2,2
,,外籍配偶子女,,,,,,3,3,     －,3,1,1,1,     －,     －,     －,     －
,公設民營大園托嬰中心,合計,1,     －,     －,1,30,30,12,18,12,1,4,7,18,3,8,7
,,一般,,,,,,20,8,12,8,     －,3,5,12,1,5,6
,,原住民,,,,,,9,4,5,4,1,1,2,5,2,2,1
,,外籍配偶子女,,,,,,1,     －,1,     －,     －,     －,     －,1,     －,1,     －
,,,,,,,,,,,,,,,,,,
,,,,,,,,,,,,,,,,,,
,,,,,,,,,,,,,,,,,,
,公　開　類,桃園市政府(婦幼發展局),半　年　報,每半年終了後20日內編送,10730-06-01-2,桃園市托嬰中心所數及收托人數(續19),中華民國112年下半年底,,,,,,,,,,,
,,,,,,,,,,,,,,,,,,
,,,,,,,,,,,,,,,,,,
,,,,,,,,,,,,,,,,,,
,桃園市托嬰中心所數及收托人數(續19),,,,,,,,,,,,,,,,,
,中華民國112年下半年底,,,,,,,,,,,,,,,,,
,機構名稱及身分別,,所數,,,,核定收托人數,實際收托人數,,,,,,,,,,
,,,總計,公立,私立,公辦民營,,總計,,,男,,,,女,,,
,,,,,,,,合計,男,女,合計,未滿1歲,1-未滿2歲,2-未滿3歲,合計,未滿1歲,1-未滿2歲,2-未滿3歲
公設民營大溪托嬰中心,公設民營大溪托嬰中心,合計,1,     －,     －,1,45,45,24,21,24,2,12,10,21,2,13,6
公設民營中壢托嬰中心,,一般,,,,,,31,17,14,17,2,7,8,14,     －,9,5
公設民營中壢新明托嬰中心,,原住民,,,,,,13,7,6,7,     －,5,2,6,2,3,1
公設民營中壢過嶺托嬰中心,,外籍配偶子女,,,,,,1,     －,1,     －,     －,     －,     －,1,     －,1,     －
公設民營中壢內壢托嬰中心,公設民營中壢托嬰中心,合計,1,     －,     －,1,75,75,40,35,40,4,29,7,35,9,20,6
公設民營中壢龍福托嬰中心,,一般,,,,,,72,39,33,39,4,28,7,33,7,20,6
公設民營中壢新街金華托嬰中心,,原住民,,,,,,3,1,2,1,     －,1,     －,2,2,     －,     －
,,外籍配偶子女,,,,,,     －,     －,     －,     －,     －,     －,     －,     －,     －,     －,     －
,公設民營中壢新明托嬰中心,合計,1,     －,     －,1,60,48,28,20,28,4,18,6,20,1,15,4
,,一般,,,,,,44,25,19,25,3,17,5,19,1,14,4
,,原住民,,,,,,4,3,1,3,1,1,1,1,     －,1,     －
,,外籍配偶子女,,,,,,     －,     －,     －,     －,     －,     －,     －,     －,     －,     －,     －
,公設民營中壢過嶺托嬰中心,合計,1,     －,     －,1,30,30,16,14,16,2,7,7,14,1,6,7
,,一般,,,,,,23,14,9,14,2,6,6,9,1,2,6
,,原住民,,,,,,5,1,4,1,     －,1,     －,4,     －,4,     －
,,外籍配偶子女,,,,,,2,1,1,1,     －,     －,1,1,     －,     －,1
,公設民營中壢內壢托嬰中心,合計,1,     －,     －,1,60,60,33,27,33,5,17,11,27,5,12,10
,,一般,,,,,,50,25,25,25,5,13,7,25,5,10,10
,,原住民,,,,,,7,7,     －,7,     －,3,4,     －,     －,     －,     －
,,外籍配偶子女,,,,,,3,1,2,1,     －,1,     －,2,     －,2,     －
,公設民營中壢龍福托嬰中心,合計,1,     －,     －,1,45,45,26,19,26,     －,13,13,19,     －,12,7
,,一般,,,,,,28,18,10,18,     －,7,11,10,     －,6,4
,,原住民,,,,,,16,8,8,8,     －,6,2,8,     －,6,2
,,外籍配偶子女,,,,,,1,     －,1,     －,     －,     －,     －,1,     －,     －,1
,公設民營中壢新街金華托嬰中心,合計,1,     －,     －,1,40,40,17,23,17,     －,10,7,23,3,14,6
,,一般,,,,,,35,15,20,15,     －,9,6,20,3,13,4
,,原住民,,,,,,3,1,2,1,     －,1,     －,2,     －,1,1
,,外籍配偶子女,,,,,,2,1,1,1,     －,     －,1,1,     －,     －,1
,,,,,,,,,,,,,,,,,,
,,,,,,,,,,,,,,,,,,
,,,,,,,,,,,,,,,,,,
,公　開　類,桃園市政府(婦幼發展局),半　年　報,每半年終了後20日內編送,10730-06-01-2,桃園市托嬰中心所數及收托人數(續20),中華民國112年下半年底,,,,,,,,,,,
,,,,,,,,,,,,,,,,,,
,,,,,,,,,,,,,,,,,,
,,,,,,,,,,,,,,,,,,
,桃園市托嬰中心所數及收托人數(續20),,,,,,,,,,,,,,,,,
,中華民國112年下半年底,,,,,,,,,,,,,,,,,
,機構名稱及身分別,,所數,,,,核定收托人數,實際收托人數,,,,,,,,,,
,,,總計,公立,私立,公辦民營,,總計,,,男,,,,女,,,
,,,,,,,,合計,男,女,合計,未滿1歲,1-未滿2歲,2-未滿3歲,合計,未滿1歲,1-未滿2歲,2-未滿3歲
公設民營平鎮托嬰中心,公設民營平鎮托嬰中心,合計,1,     －,     －,1,55,55,28,27,28,1,21,6,27,1,12,14
公設民營桃園托嬰中心,,一般,,,,,,43,21,22,21,1,15,5,22,1,11,10
公設民營桃園復興托嬰中心,,原住民,,,,,,12,7,5,7,     －,6,1,5,     －,1,4
公設民營新屋托嬰中心,,外籍配偶子女,,,,,,     －,     －,     －,     －,     －,     －,     －,     －,     －,     －,     －
公設民營楊梅托嬰中心,公設民營桃園托嬰中心,合計,1,     －,     －,1,45,45,20,25,20,     －,11,9,25,     －,17,8
公設民營龜山托嬰中心,,一般,,,,,,34,16,18,16,     －,8,8,18,     －,13,5
公設民營蘆竹托嬰中心,,原住民,,,,,,10,4,6,4,     －,3,1,6,     －,3,3
,,外籍配偶子女,,,,,,1,     －,1,     －,     －,     －,     －,1,     －,1,     －
,公設民營桃園復興托嬰中心,合計,1,     －,     －,1,45,45,20,25,20,10,9,1,25,9,16,     －
,,一般,,,,,,37,16,21,16,7,8,1,21,5,16,     －
,,原住民,,,,,,8,4,4,4,3,1,     －,4,4,     －,     －
,,外籍配偶子女,,,,,,     －,     －,     －,     －,     －,     －,     －,     －,     －,     －,     －
,公設民營新屋托嬰中心,合計,1,     －,     －,1,25,25,11,14,11,3,5,3,14,1,10,3
,,一般,,,,,,24,11,13,11,3,5,3,13,1,9,3
,,原住民,,,,,,1,     －,1,     －,     －,     －,     －,1,     －,1,     －
,,外籍配偶子女,,,,,,     －,     －,     －,     －,     －,     －,     －,     －,     －,     －,     －
,公設民營楊梅托嬰中心,合計,1,     －,     －,1,45,45,28,17,28,3,16,9,17,3,5,9
,,一般,,,,,,41,26,15,26,3,16,7,15,2,4,9
,,原住民,,,,,,3,2,1,2,     －,     －,2,1,1,     －,     －
,,外籍配偶子女,,,,,,1,     －,1,     －,     －,     －,     －,1,     －,1,     －
,公設民營龜山托嬰中心,合計,1,     －,     －,1,45,45,27,18,27,3,11,13,18,2,8,8
,,一般,,,,,,33,20,13,20,3,8,9,13,2,5,6
,,原住民,,,,,,11,7,4,7,     －,3,4,4,     －,2,2
,,外籍配偶子女,,,,,,1,     －,1,     －,     －,     －,     －,1,     －,1,     －
,公設民營蘆竹托嬰中心,合計,1,     －,     －,1,55,55,30,25,30,4,12,14,25,6,14,5
,,一般,,,,,,42,22,20,22,2,10,10,20,3,13,4
,,原住民,,,,,,12,7,5,7,2,2,3,5,3,1,1
,,外籍配偶子女,,,,,,1,1,     －,1,     －,     －,1,     －,     －,     －,     －
,,,,,,,,,,,,,,,,,,
,,,,,,,,,,,,,,,,,,
,,,,,,,,,,,,,,,,,,
,公　開　類,桃園市政府(婦幼發展局),半　年　報,每半年終了後20日內編送,10730-06-01-2,桃園市托嬰中心所數及收托人數(續21),中華民國112年下半年底,,,,,,,,,,,
,,,,,,,,,,,,,,,,,,
,,,,,,,,,,,,,,,,,,
,,,,,,,,,,,,,,,,,,
,桃園市托嬰中心所數及收托人數(續21),,,,,,,,,,,,,,,,,
,中華民國112年下半年底,,,,,,,,,,,,,,,,,
,機構名稱及身分別,,所數,,,,核定收托人數,實際收托人數,,,,,,,,,,
,,,總計,公立,私立,公辦民營,,總計,,,男,,,,女,,,
,,,,,,,,合計,男,女,合計,未滿1歲,1-未滿2歲,2-未滿3歲,合計,未滿1歲,1-未滿2歲,2-未滿3歲
公設民營蘆竹興仁托嬰中心,公設民營蘆竹興仁托嬰中心,合計,1,     －,     －,1,55,55,29,26,29,2,22,5,26,5,14,7
公設民營觀音托嬰中心,,一般,,,,,,52,28,24,28,2,21,5,24,4,14,6
公設民營觀音草新富林托嬰中心,,原住民,,,,,,3,1,2,1,     －,1,     －,2,1,     －,1
"公設民營大園田心社區公共托育家園
",,外籍配偶子女,,,,,,     －,     －,     －,     －,     －,     －,     －,     －,     －,     －,     －
"公設民營大溪員樹林社區公共托育家園
",公設民營觀音托嬰中心,合計,1,     －,     －,1,50,50,23,27,23,2,17,4,27,2,16,9
公設民營中壢中正社區公共托育家園,,一般,,,,,,44,19,25,19,2,14,3,25,2,15,8
公設民營中壢普仁社區公共托育家園,,原住民,,,,,,3,2,1,2,     －,1,1,1,     －,1,     －
,,外籍配偶子女,,,,,,3,2,1,2,     －,2,     －,1,     －,     －,1
,公設民營觀音草新富林托嬰中心,合計,1,     －,     －,1,45,45,26,19,26,9,11,6,19,7,7,5
,,一般,,,,,,36,22,14,22,7,9,6,14,6,5,3
,,原住民,,,,,,9,4,5,4,2,2,     －,5,1,2,2
,,外籍配偶子女,,,,,,     －,     －,     －,     －,     －,     －,     －,     －,     －,     －,     －
,"公設民營大園田心社區公共托育家園
",合計,1,     －,     －,1,12,12,8,4,8,2,4,2,4,1,1,2
,,一般,,,,,,12,8,4,8,2,4,2,4,1,1,2
,,原住民,,,,,,     －,     －,     －,     －,     －,     －,     －,     －,     －,     －,     －
,,外籍配偶子女,,,,,,     －,     －,     －,     －,     －,     －,     －,     －,     －,     －,     －
,"公設民營大溪員樹林社區公共托育家園
",合計,1,     －,     －,1,12,12,11,1,11,3,7,1,1,     －,1,     －
,,一般,,,,,,2,2,     －,2,2,     －,     －,     －,     －,     －,     －
,,原住民,,,,,,10,9,1,9,1,7,1,1,     －,1,     －
,,外籍配偶子女,,,,,,     －,     －,     －,     －,     －,     －,     －,     －,     －,     －,     －
,公設民營中壢中正社區公共托育家園,合計,1,     －,     －,1,12,12,3,9,3,1,2,     －,9,     －,8,1
,,一般,,,,,,10,2,8,2,     －,2,     －,8,     －,7,1
,,原住民,,,,,,2,1,1,1,1,     －,     －,1,     －,1,     －
,,外籍配偶子女,,,,,,     －,     －,     －,     －,     －,     －,     －,     －,     －,     －,     －
,公設民營中壢普仁社區公共托育家園,合計,1,     －,     －,1,12,12,6,6,6,1,2,3,6,1,4,1
,,一般,,,,,,12,6,6,6,1,2,3,6,1,4,1
,,原住民,,,,,,     －,     －,     －,     －,     －,     －,     －,     －,     －,     －,     －
,,外籍配偶子女,,,,,,     －,     －,     －,     －,     －,     －,     －,     －,     －,     －,     －
,,,,,,,,,,,,,,,,,,
,,,,,,,,,,,,,,,,,,
,,,,,,,,,,,,,,,,,,
,公　開　類,桃園市政府(婦幼發展局),半　年　報,每半年終了後20日內編送,10730-06-01-2,桃園市托嬰中心所數及收托人數(續22),中華民國112年下半年底,,,,,,,,,,,
,,,,,,,,,,,,,,,,,,
,,,,,,,,,,,,,,,,,,
,,,,,,,,,,,,,,,,,,
,桃園市托嬰中心所數及收托人數(續22),,,,,,,,,,,,,,,,,
,中華民國112年下半年底,,,,,,,,,,,,,,,,,
,機構名稱及身分別,,所數,,,,核定收托人數,實際收托人數,,,,,,,,,,
,,,總計,公立,私立,公辦民營,,總計,,,男,,,,女,,,
,,,,,,,,合計,男,女,合計,未滿1歲,1-未滿2歲,2-未滿3歲,合計,未滿1歲,1-未滿2歲,2-未滿3歲
公設民營中壢東興社區公共托育家園,公設民營中壢東興社區公共托育家園,合計,1,     －,     －,1,12,12,5,7,5,     －,2,3,7,1,5,1
公設民營平鎮莊敬社區公共托育家園,,一般,,,,,,10,5,5,5,     －,2,3,5,1,3,1
公設民營平鎮義興社區公共托育家園,,原住民,,,,,,2,     －,2,     －,     －,     －,     －,2,     －,2,     －
公設民營平鎮東安社區公共托育家園,,外籍配偶子女,,,,,,     －,     －,     －,     －,     －,     －,     －,     －,     －,     －,     －
公設民營桃園西門社區公共托育家園,公設民營平鎮莊敬社區公共托育家園,合計,1,     －,     －,1,12,12,7,5,7,3,2,2,5,1,4,     －
公設民營桃園慈文社區公共托育家園,,一般,,,,,,11,6,5,6,2,2,2,5,1,4,     －
公設民營桃園文山社區公共托育家園,,原住民,,,,,,1,1,     －,1,1,     －,     －,     －,     －,     －,     －
,,外籍配偶子女,,,,,,     －,     －,     －,     －,     －,     －,     －,     －,     －,     －,     －
,公設民營平鎮義興社區公共托育家園,合計,1,     －,     －,1,12,12,3,9,3,1,2,     －,9,1,5,3
,,一般,,,,,,12,3,9,3,1,2,     －,9,1,5,3
,,原住民,,,,,,     －,     －,     －,     －,     －,     －,     －,     －,     －,     －,     －
,,外籍配偶子女,,,,,,     －,     －,     －,     －,     －,     －,     －,     －,     －,     －,     －
,公設民營平鎮東安社區公共托育家園,合計,1,     －,     －,1,12,12,6,6,6,2,4,     －,6,1,2,3
,,一般,,,,,,8,5,3,5,2,3,     －,3,     －,1,2
,,原住民,,,,,,4,1,3,1,     －,1,     －,3,1,1,1
,,外籍配偶子女,,,,,,     －,     －,     －,     －,     －,     －,     －,     －,     －,     －,     －
,公設民營桃園西門社區公共托育家園,合計,1,     －,     －,1,12,12,9,3,9,3,6,     －,3,     －,3,     －
,,一般,,,,,,11,8,3,8,2,6,     －,3,     －,3,     －
,,原住民,,,,,,1,1,     －,1,1,     －,     －,     －,     －,     －,     －
,,外籍配偶子女,,,,,,     －,     －,     －,     －,     －,     －,     －,     －,     －,     －,     －
,公設民營桃園慈文社區公共托育家園,合計,1,     －,     －,1,12,12,8,4,8,     －,2,6,4,     －,2,2
,,一般,,,,,,12,8,4,8,     －,2,6,4,     －,2,2
,,原住民,,,,,,     －,     －,     －,     －,     －,     －,     －,     －,     －,     －,     －
,,外籍配偶子女,,,,,,     －,     －,     －,     －,     －,     －,     －,     －,     －,     －,     －
,公設民營桃園文山社區公共托育家園,合計,1,     －,     －,1,12,7,6,1,6,     －,2,4,1,     －,     －,1
,,一般,,,,,,7,6,1,6,     －,2,4,1,     －,     －,1
,,原住民,,,,,,     －,     －,     －,     －,     －,     －,     －,     －,     －,     －,     －
,,外籍配偶子女,,,,,,     －,     －,     －,     －,     －,     －,     －,     －,     －,     －,     －
,,,,,,,,,,,,,,,,,,
,,,,,,,,,,,,,,,,,,
,,,,,,,,,,,,,,,,,,
,公　開　類,桃園市政府(婦幼發展局),半　年　報,每半年終了後20日內編送,10730-06-01-2,桃園市托嬰中心所數及收托人數(續23),中華民國112年下半年底,,,,,,,,,,,
,,,,,,,,,,,,,,,,,,
,,,,,,,,,,,,,,,,,,
,,,,,,,,,,,,,,,,,,
,桃園市托嬰中心所數及收托人數(續23),,,,,,,,,,,,,,,,,
,中華民國112年下半年底,,,,,,,,,,,,,,,,,
,機構名稱及身分別,,所數,,,,核定收托人數,實際收托人數,,,,,,,,,,
,,,總計,公立,私立,公辦民營,,總計,,,男,,,,女,,,
,,,,,,,,合計,男,女,合計,未滿1歲,1-未滿2歲,2-未滿3歲,合計,未滿1歲,1-未滿2歲,2-未滿3歲
公設民營桃園東門社區公共托育家園,公設民營桃園東門社區公共托育家園,合計,1,     －,     －,1,12,12,4,8,4,     －,4,     －,8,5,1,2
公設民營桃園北門社區公共托育家園,,一般,,,,,,11,4,7,4,     －,4,     －,7,5,1,1
公設民營楊梅永寧社區公共托育家園,,原住民,,,,,,     －,     －,     －,     －,     －,     －,     －,     －,     －,     －,     －
公設民營龍潭八德社區公共托育家園,,外籍配偶子女,,,,,,1,     －,1,     －,     －,     －,     －,1,     －,     －,1
公設民營龍潭中山社區公共托育家園,公設民營桃園北門社區公共托育家園,合計,1,     －,     －,1,12,7,2,5,2,     －,     －,2,5,     －,2,3
公設民營龜山大崗社區公共托育家園,,一般,,,,,,6,2,4,2,     －,     －,2,4,     －,1,3
公設民營龜山新興社區公共托育家園,,原住民,,,,,,     －,     －,     －,     －,     －,     －,     －,     －,     －,     －,     －
,,外籍配偶子女,,,,,,1,     －,1,     －,     －,     －,     －,1,     －,1,     －
,公設民營楊梅永寧社區公共托育家園,合計,1,     －,     －,1,12,12,8,4,8,     －,1,7,4,     －,2,2
,,一般,,,,,,12,8,4,8,     －,1,7,4,     －,2,2
,,原住民,,,,,,     －,     －,     －,     －,     －,     －,     －,     －,     －,     －,     －
,,外籍配偶子女,,,,,,     －,     －,     －,     －,     －,     －,     －,     －,     －,     －,     －
,公設民營龍潭八德社區公共托育家園,合計,1,     －,     －,1,12,12,10,2,10,     －,4,6,2,     －,2,     －
,,一般,,,,,,10,8,2,8,     －,3,5,2,     －,2,     －
,,原住民,,,,,,2,2,     －,2,     －,1,1,     －,     －,     －,     －
,,外籍配偶子女,,,,,,     －,     －,     －,     －,     －,     －,     －,     －,     －,     －,     －
,公設民營龍潭中山社區公共托育家園,合計,1,     －,     －,1,12,12,9,3,9,2,5,2,3,2,1,     －
,,一般,,,,,,9,6,3,6,2,2,2,3,2,1,     －
,,原住民,,,,,,3,3,     －,3,     －,3,     －,     －,     －,     －,     －
,,外籍配偶子女,,,,,,     －,     －,     －,     －,     －,     －,     －,     －,     －,     －,     －
,公設民營龜山大崗社區公共托育家園,合計,1,     －,     －,1,12,12,9,3,9,     －,2,7,3,     －,     －,3
,,一般,,,,,,9,7,2,7,     －,1,6,2,     －,     －,2
,,原住民,,,,,,3,2,1,2,     －,1,1,1,     －,     －,1
,,外籍配偶子女,,,,,,     －,     －,     －,     －,     －,     －,     －,     －,     －,     －,     －
,公設民營龜山新興社區公共托育家園,合計,1,     －,     －,1,12,12,5,7,5,1,2,2,7,1,3,3
,,一般,,,,,,12,5,7,5,1,2,2,7,1,3,3
,,原住民,,,,,,     －,     －,     －,     －,     －,     －,     －,     －,     －,     －,     －
,,外籍配偶子女,,,,,,     －,     －,     －,     －,     －,     －,     －,     －,     －,     －,     －
,,,,,,,,,,,,,,,,,,
,,,,,,,,,,,,,,,,,,
,,,,,,,,,,,,,,,,,,
,公　開　類,桃園市政府(婦幼發展局),半　年　報,每半年終了後20日內編送,10730-06-01-2,桃園市托嬰中心所數及收托人數(續24完),中華民國112年下半年底,,,,,,,,,,,
,依據本府所轄立案托嬰中心所報資料彙編。,民國113年 2月 1日 16:29:02 印製,本表編製2份，於完成會核程序並經機關首長核章後，1份送主計處（室），1份自存外，應由網際網路線上傳送至衛生福利部統計處資料庫。,,,,,,,,,,,,,,,
,,,,,,,,,,,,,,,,,,
,,,,,,,,,,,,,,,,,,
,桃園市托嬰中心所數及收托人數(續24完),,,,,,,,,,,,,,,,,
,中華民國112年下半年底,,,,,,,,,,,,,,,,,
,機構名稱及身分別,,所數,,,,核定收托人數,實際收托人數,,,,,,,,,,
,,,總計,公立,私立,公辦民營,,總計,,,男,,,,女,,,
,,,,,,,,合計,男,女,合計,未滿1歲,1-未滿2歲,2-未滿3歲,合計,未滿1歲,1-未滿2歲,2-未滿3歲
公設民營蘆竹海湖社區公共托育家園,公設民營蘆竹海湖社區公共托育家園,合計,1,     －,     －,1,12,12,6,6,6,1,1,4,6,2,3,1
公設民營蘆竹仁愛社區公共托育家園,,一般,,,,,,9,3,6,3,     －,1,2,6,2,3,1
公設民營蘆竹富竹社區公共托育家園,,原住民,,,,,,3,3,     －,3,1,     －,2,     －,     －,     －,     －
公設民營桃園復興巴陵社區公共托育家園暨育兒資源站,,外籍配偶子女,,,,,,     －,     －,     －,     －,     －,     －,     －,     －,     －,     －,     －
,公設民營蘆竹仁愛社區公共托育家園,合計,1,     －,     －,1,12,12,6,6,6,1,2,3,6,1,5,     －
,,一般,,,,,,8,3,5,3,1,1,1,5,1,4,     －
,,原住民,,,,,,4,3,1,3,     －,1,2,1,     －,1,     －
,,外籍配偶子女,,,,,,     －,     －,     －,     －,     －,     －,     －,     －,     －,     －,     －
,公設民營蘆竹富竹社區公共托育家園,合計,1,     －,     －,1,12,12,5,7,5,1,1,3,7,3,3,1
,,一般,,,,,,12,5,7,5,1,1,3,7,3,3,1
,,原住民,,,,,,     －,     －,     －,     －,     －,     －,     －,     －,     －,     －,     －
,,外籍配偶子女,,,,,,     －,     －,     －,     －,     －,     －,     －,     －,     －,     －,     －
,公設民營桃園復興巴陵社區公共托育家園暨育兒資源站,合計,1,     －,     －,1,12,6,5,1,5,     －,5,     －,1,     －,1,     －
,,一般,,,,,,     －,     －,     －,     －,     －,     －,     －,     －,     －,     －,     －
,,原住民,,,,,,6,5,1,5,     －,5,     －,1,     －,1,     －
,,外籍配偶子女,,,,,,     －,     －,     －,     －,     －,     －,     －,     －,     －,     －,     －
